keyword,paperId
Engineering,pap0
Medicine,pap0
Physics,pap1
ComputerScience,pap2
Sociology,pap3
ComputerScience,pap3
ComputerScience,pap4
ComputerScience,pap5
Medicine,pap6
ComputerScience,pap7
Medicine,pap8
ComputerScience,pap9
ComputerScience,pap10
Medicine,pap10
ComputerScience,pap11
Medicine,pap12
ComputerScience,pap12
Biology,pap13
Medicine,pap13
ComputerScience,pap14
Mathematics,pap14
ComputerScience,pap15
Medicine,pap16
ComputerScience,pap16
Medicine,pap17
ComputerScience,pap18
Medicine,pap19
MaterialsScience,pap20
Chemistry,pap20
Medicine,pap20
Physics,pap20
ComputerScience,pap20
ComputerScience,pap21
Mathematics,pap21
Engineering,pap21
ComputerScience,pap22
Medicine,pap23
ComputerScience,pap25
ComputerScience,pap26
Medicine,pap27
Business,pap28
Medicine,pap28
ComputerScience,pap29
Mathematics,pap29
ComputerScience,pap30
Medicine,pap30
ComputerScience,pap31
Medicine,pap32
ComputerScience,pap32
ComputerScience,pap33
ComputerScience,pap34
Engineering,pap36
ComputerScience,pap36
ComputerScience,pap37
ComputerScience,pap38
ComputerScience,pap39
Mathematics,pap39
Medicine,pap40
ComputerScience,pap40
ComputerScience,pap41
Psychology,pap41
ComputerScience,pap42
Mathematics,pap42
ComputerScience,pap43
ComputerScience,pap44
ComputerScience,pap45
Economics,pap45
ComputerScience,pap46
ComputerScience,pap47
Engineering,pap48
Engineering,pap49
ComputerScience,pap50
Medicine,pap51
Psychology,pap51
ComputerScience,pap51
ComputerScience,pap52
Economics,pap52
Sociology,pap53
ComputerScience,pap54
Mathematics,pap54
Medicine,pap54
Physics,pap55
ComputerScience,pap56
ComputerScience,pap57
Mathematics,pap57
Medicine,pap58
ComputerScience,pap59
Engineering,pap61
ComputerScience,pap62
History,pap63
Medicine,pap63
ComputerScience,pap64
ComputerScience,pap65
Engineering,pap66
Engineering,pap67
ComputerScience,pap68
ComputerScience,pap69
ComputerScience,pap70
Business,pap71
Medicine,pap73
ComputerScience,pap73
Sociology,pap74
ComputerScience,pap74
Engineering,pap75
ComputerScience,pap76
Medicine,pap77
ComputerScience,pap77
Sociology,pap78
ComputerScience,pap79
Sociology,pap79
Biology,pap80
Medicine,pap80
ComputerScience,pap81
Medicine,pap82
ComputerScience,pap82
Geography,pap83
EnvironmentalScience,pap85
ComputerScience,pap86
Medicine,pap87
ComputerScience,pap88
ComputerScience,pap90
Medicine,pap90
ComputerScience,pap91
PoliticalScience,pap92
ComputerScience,pap93
ComputerScience,pap94
Mathematics,pap94
Business,pap95
ComputerScience,pap95
ComputerScience,pap96
PoliticalScience,pap97
Engineering,pap98
Psychology,pap99
ComputerScience,pap100
Mathematics,pap100
PoliticalScience,pap101
ComputerScience,pap101
ComputerScience,pap102
Medicine,pap103
Physics,pap103
Sociology,pap104
ComputerScience,pap104
ComputerScience,pap105
ComputerScience,pap106
Engineering,pap106
ComputerScience,pap107
ComputerScience,pap108
Medicine,pap109
ComputerScience,pap111
Physics,pap112
ComputerScience,pap113
Mathematics,pap114
ComputerScience,pap114
ComputerScience,pap115
Medicine,pap116
ComputerScience,pap116
ComputerScience,pap117
Medicine,pap117
Psychology,pap117
ComputerScience,pap118
Sociology,pap118
Medicine,pap119
ComputerScience,pap119
Medicine,pap120
ComputerScience,pap120
ComputerScience,pap121
Medicine,pap122
Sociology,pap122
ComputerScience,pap123
Mathematics,pap123
Physics,pap124
Biology,pap124
ComputerScience,pap125
Medicine,pap126
Business,pap126
ComputerScience,pap127
ComputerScience,pap128
ComputerScience,pap129
Engineering,pap130
Medicine,pap130
Engineering,pap131
ComputerScience,pap131
ComputerScience,pap132
Mathematics,pap132
ComputerScience,pap133
Medicine,pap133
ComputerScience,pap134
ComputerScience,pap135
ComputerScience,pap136
ComputerScience,pap137
MaterialsScience,pap138
ComputerScience,pap138
Medicine,pap138
Engineering,pap139
Sociology,pap140
ComputerScience,pap141
Sociology,pap141
ComputerScience,pap142
Medicine,pap143
Psychology,pap143
ComputerScience,pap144
ComputerScience,pap145
ComputerScience,pap146
ComputerScience,pap147
Sociology,pap148
ComputerScience,pap149
ComputerScience,pap150
ComputerScience,pap151
Sociology,pap152
ComputerScience,pap153
Medicine,pap153
ComputerScience,pap154
ComputerScience,pap155
Engineering,pap155
ComputerScience,pap156
ComputerScience,pap157
ComputerScience,pap158
Medicine,pap158
ComputerScience,pap159
ComputerScience,pap160
ComputerScience,pap161
PoliticalScience,pap161
Medicine,pap161
ComputerScience,pap162
Medicine,pap163
ComputerScience,pap163
Physics,pap164
ComputerScience,pap164
Medicine,pap164
Engineering,pap165
ComputerScience,pap166
ComputerScience,pap167
ComputerScience,pap168
ComputerScience,pap169
ComputerScience,pap170
Mathematics,pap171
ComputerScience,pap171
ComputerScience,pap172
ComputerScience,pap173
Engineering,pap174
ComputerScience,pap175
ComputerScience,pap176
ComputerScience,pap177
Business,pap178
ComputerScience,pap179
ComputerScience,pap180
ComputerScience,pap181
Geology,pap181
ComputerScience,pap182
Biology,pap183
Medicine,pap183
ComputerScience,pap184
ComputerScience,pap185
Engineering,pap186
ComputerScience,pap186
ComputerScience,pap187
ComputerScience,pap188
ComputerScience,pap189
ComputerScience,pap191
ComputerScience,pap192
Medicine,pap193
PoliticalScience,pap193
Economics,pap194
ComputerScience,pap194
ComputerScience,pap195
ComputerScience,pap196
ComputerScience,pap197
ComputerScience,pap198
Medicine,pap199
Sociology,pap199
Psychology,pap199
ComputerScience,pap199
Mathematics,pap199
Mathematics,pap200
ComputerScience,pap200
ComputerScience,pap201
ComputerScience,pap202
ComputerScience,pap203
ComputerScience,pap204
Psychology,pap205
Psychology,pap206
ComputerScience,pap206
Medicine,pap206
Business,pap207
ComputerScience,pap208
ComputerScience,pap209
Engineering,pap210
ComputerScience,pap211
ComputerScience,pap212
ComputerScience,pap213
ComputerScience,pap214
ComputerScience,pap215
ComputerScience,pap216
Engineering,pap217
ComputerScience,pap218
Medicine,pap218
Engineering,pap218
ComputerScience,pap219
Sociology,pap220
Art,pap221
ComputerScience,pap222
ComputerScience,pap223
ComputerScience,pap224
Mathematics,pap224
Physics,pap224
Medicine,pap225
ComputerScience,pap225
Engineering,pap226
ComputerScience,pap226
ComputerScience,pap227
ComputerScience,pap228
ComputerScience,pap229
ComputerScience,pap230
ComputerScience,pap231
Medicine,pap232
ComputerScience,pap233
Engineering,pap234
Medicine,pap234
ComputerScience,pap235
ComputerScience,pap236
ComputerScience,pap237
ComputerScience,pap238
Medicine,pap238
ComputerScience,pap239
ComputerScience,pap240
Medicine,pap240
ComputerScience,pap241
ComputerScience,pap242
Medicine,pap243
Business,pap243
ComputerScience,pap244
ComputerScience,pap245
Engineering,pap247
Mathematics,pap248
ComputerScience,pap248
ComputerScience,pap249
Medicine,pap249
Geography,pap249
ComputerScience,pap250
ComputerScience,pap251
Sociology,pap252
ComputerScience,pap253
ComputerScience,pap254
Economics,pap254
Mathematics,pap255
ComputerScience,pap256
ComputerScience,pap257
ComputerScience,pap258
PoliticalScience,pap258
ComputerScience,pap259
ComputerScience,pap260
ComputerScience,pap261
Medicine,pap262
ComputerScience,pap262
ComputerScience,pap263
ComputerScience,pap264
ComputerScience,pap265
ComputerScience,pap266
ComputerScience,pap267
ComputerScience,pap268
MaterialsScience,pap269
ComputerScience,pap270
Medicine,pap270
Biology,pap270
ComputerScience,pap271
Engineering,pap272
Medicine,pap273
ComputerScience,pap273
ComputerScience,pap274
Engineering,pap274
ComputerScience,pap275
ComputerScience,pap276
Geology,pap277
Medicine,pap278
ComputerScience,pap278
Mathematics,pap278
ComputerScience,pap280
Physics,pap281
Medicine,pap281
Medicine,pap282
Physics,pap283
ComputerScience,pap285
Biology,pap285
ComputerScience,pap286
Physics,pap287
ComputerScience,pap287
MaterialsScience,pap288
Physics,pap289
PoliticalScience,pap290
Psychology,pap291
ComputerScience,pap292
Medicine,pap294
ComputerScience,pap294
ComputerScience,pap295
Medicine,pap296
MaterialsScience,pap297
Physics,pap297
Medicine,pap298
MaterialsScience,pap298
Geography,pap299
Medicine,pap299
Physics,pap301
MaterialsScience,pap301
ComputerScience,pap302
ComputerScience,pap303
Medicine,pap304
PoliticalScience,pap304
ComputerScience,pap304
ComputerScience,pap305
Medicine,pap306
Physics,pap306
ComputerScience,pap307
Medicine,pap307
Medicine,pap308
ComputerScience,pap308
EnvironmentalScience,pap309
ComputerScience,pap309
Medicine,pap310
Sociology,pap310
ComputerScience,pap311
Geography,pap312
Biology,pap312
Engineering,pap312
Medicine,pap312
ComputerScience,pap313
ComputerScience,pap314
ComputerScience,pap315
Medicine,pap316
Business,pap317
PoliticalScience,pap317
Engineering,pap318
ComputerScience,pap318
ComputerScience,pap319
ComputerScience,pap320
Medicine,pap321
Biology,pap321
ComputerScience,pap322
Medicine,pap322
PoliticalScience,pap323
ComputerScience,pap323
ComputerScience,pap324
Sociology,pap325
Medicine,pap325
Sociology,pap326
ComputerScience,pap328
PoliticalScience,pap328
ComputerScience,pap329
Sociology,pap330
ComputerScience,pap331
Engineering,pap332
MaterialsScience,pap332
ComputerScience,pap332
Biology,pap333
ComputerScience,pap333
ComputerScience,pap334
Biology,pap335
Medicine,pap336
ComputerScience,pap337
Medicine,pap338
Biology,pap338
Sociology,pap339
Medicine,pap339
Medicine,pap340
ComputerScience,pap341
Physics,pap342
ComputerScience,pap344
Medicine,pap344
ComputerScience,pap345
ComputerScience,pap346
ComputerScience,pap347
ComputerScience,pap348
Medicine,pap348
ComputerScience,pap349
ComputerScience,pap350
EnvironmentalScience,pap350
Psychology,pap350
ComputerScience,pap351
Medicine,pap352
Biology,pap352
Mathematics,pap353
ComputerScience,pap354
Sociology,pap355
ComputerScience,pap355
Mathematics,pap356
ComputerScience,pap357
Mathematics,pap357
Sociology,pap358
Medicine,pap358
History,pap359
ComputerScience,pap360
ComputerScience,pap361
ComputerScience,pap362
Medicine,pap363
ComputerScience,pap363
ComputerScience,pap364
Medicine,pap365
Biology,pap365
ComputerScience,pap366
PoliticalScience,pap367
PoliticalScience,pap368
PoliticalScience,pap369
ComputerScience,pap370
Medicine,pap370
ComputerScience,pap371
Sociology,pap372
ComputerScience,pap373
ComputerScience,pap374
Medicine,pap374
ComputerScience,pap375
Mathematics,pap375
Medicine,pap376
Sociology,pap376
Medicine,pap377
Geography,pap377
Medicine,pap378
Database,pap378
Mathematics,pap379
Medicine,pap380
Biology,pap380
ComputerScience,pap381
ComputerScience,pap382
Business,pap383
Medicine,pap384
ComputerScience,pap385
PoliticalScience,pap386
Business,pap387
Mathematics,pap387
Medicine,pap388
Sociology,pap388
ComputerScience,pap389
ComputerScience,pap390
ComputerScience,pap391
Physics,pap392
Sociology,pap393
Medicine,pap394
Sociology,pap394
PoliticalScience,pap395
Medicine,pap396
Biology,pap397
Medicine,pap397
Medicine,pap398
Business,pap399
ComputerScience,pap399
Medicine,pap400
Business,pap401
ComputerScience,pap401
Sociology,pap402
Physics,pap403
Mathematics,pap403
Psychology,pap403
Medicine,pap403
ComputerScience,pap403
ComputerScience,pap404
Geography,pap405
ComputerScience,pap405
Physics,pap405
Mathematics,pap405
ComputerScience,pap406
Medicine,pap407
Medicine,pap408
ComputerScience,pap409
Mathematics,pap409
History,pap410
ComputerScience,pap410
ComputerScience,pap411
ComputerScience,pap412
ComputerScience,pap413
Business,pap414
Medicine,pap414
ComputerScience,pap415
Medicine,pap416
ComputerScience,pap416
Economics,pap417
Medicine,pap418
ComputerScience,pap418
Physics,pap419
ComputerScience,pap419
EnvironmentalScience,pap420
Medicine,pap420
Physics,pap421
Engineering,pap422
Psychology,pap423
ComputerScience,pap423
Medicine,pap423
ComputerScience,pap424
ComputerScience,pap425
Mathematics,pap425
ComputerScience,pap426
ComputerScience,pap427
ComputerScience,pap428
Medicine,pap429
Medicine,pap430
ComputerScience,pap431
ComputerScience,pap432
Geography,pap432
Business,pap433
ComputerScience,pap434
ComputerScience,pap435
ComputerScience,pap436
Engineering,pap436
PoliticalScience,pap437
ComputerScience,pap438
MaterialsScience,pap439
ComputerScience,pap439
Physics,pap439
Medicine,pap439
ComputerScience,pap440
ComputerScience,pap441
Biology,pap442
Medicine,pap444
Medicine,pap445
Psychology,pap445
Medicine,pap446
Psychology,pap447
Physics,pap448
Engineering,pap448
Sociology,pap449
Psychology,pap450
Engineering,pap450
Medicine,pap451
Psychology,pap451
Medicine,pap452
Biology,pap453
ComputerScience,pap453
Physics,pap454
ComputerScience,pap455
Sociology,pap455
ComputerScience,pap456
Geography,pap457
Sociology,pap458
Physics,pap459
Database,pap459
ComputerScience,pap460
ComputerScience,pap461
ComputerScience,pap462
Chemistry,pap463
Geography,pap464
ComputerScience,pap465
PoliticalScience,pap466
ComputerScience,pap467
Medicine,pap468
Biology,pap468
ComputerScience,pap469
Mathematics,pap470
ComputerScience,pap470
Sociology,pap471
Medicine,pap471
Medicine,pap472
Engineering,pap473
ComputerScience,pap474
PoliticalScience,pap475
ComputerScience,pap475
Medicine,pap476
ComputerScience,pap476
Engineering,pap477
Medicine,pap478
Biology,pap479
Medicine,pap479
Medicine,pap480
ComputerScience,pap480
Psychology,pap481
Medicine,pap482
ComputerScience,pap482
ComputerScience,pap483
ComputerScience,pap484
Medicine,pap485
ComputerScience,pap486
PoliticalScience,pap487
PoliticalScience,pap488
Medicine,pap489
ComputerScience,pap489
Geography,pap490
Geology,pap491
ComputerScience,pap492
Medicine,pap493
Business,pap493
Sociology,pap494
Medicine,pap494
ComputerScience,pap495
Medicine,pap495
Sociology,pap496
ComputerScience,pap496
Geology,pap497
Sociology,pap498
Medicine,pap498
Psychology,pap499
ComputerScience,pap500
ComputerScience,pap501
Engineering,pap501
ComputerScience,pap502
Engineering,pap503
ComputerScience,pap504
ComputerScience,pap505
ComputerScience,pap506
ComputerScience,pap507
ComputerScience,pap508
ComputerScience,pap509
Engineering,pap510
ComputerScience,pap510
ComputerScience,pap511
ComputerScience,pap512
ComputerScience,pap513
ComputerScience,pap514
ComputerScience,pap515
ComputerScience,pap516
Physics,pap516
ComputerScience,pap517
Engineering,pap518
ComputerScience,pap518
ComputerScience,pap519
ComputerScience,pap520
ComputerScience,pap522
ComputerScience,pap523
ComputerScience,pap524
ComputerScience,pap525
ComputerScience,pap526
ComputerScience,pap527
ComputerScience,pap528
ComputerScience,pap529
ComputerScience,pap530
ComputerScience,pap531
ComputerScience,pap532
ComputerScience,pap533
ComputerScience,pap535
ComputerScience,pap536
ComputerScience,pap537
ComputerScience,pap538
ComputerScience,pap539
ComputerScience,pap540
Psychology,pap541
ComputerScience,pap541
ComputerScience,pap542
Engineering,pap543
ComputerScience,pap543
ComputerScience,pap544
ComputerScience,pap545
ComputerScience,pap546
ComputerScience,pap547
Engineering,pap547
ComputerScience,pap548
Engineering,pap548
ComputerScience,pap549
ComputerScience,pap551
ComputerScience,pap552
Psychology,pap552
Engineering,pap553
ComputerScience,pap553
Engineering,pap554
ComputerScience,pap554
ComputerScience,pap555
ComputerScience,pap556
Engineering,pap557
ComputerScience,pap558
ComputerScience,pap559
Engineering,pap560
ComputerScience,pap560
Engineering,pap561
ComputerScience,pap561
ComputerScience,pap562
Engineering,pap563
ComputerScience,pap564
ComputerScience,pap565
ComputerScience,pap566
ComputerScience,pap567
ComputerScience,pap568
Engineering,pap568
ComputerScience,pap569
ComputerScience,pap570
Engineering,pap570
ComputerScience,pap571
ComputerScience,pap572
ComputerScience,pap573
Engineering,pap573
Engineering,pap574
ComputerScience,pap574
ComputerScience,pap575
Engineering,pap576
ComputerScience,pap577
ComputerScience,pap578
Engineering,pap579
Engineering,pap580
ComputerScience,pap580
ComputerScience,pap581
ComputerScience,pap582
ComputerScience,pap584
Engineering,pap585
ComputerScience,pap586
ComputerScience,pap587
ComputerScience,pap588
ComputerScience,pap589
ComputerScience,pap590
ComputerScience,pap591
Engineering,pap591
ComputerScience,pap592
ComputerScience,pap593
ComputerScience,pap594
ComputerScience,pap595
ComputerScience,pap597
Engineering,pap598
ComputerScience,pap598
ComputerScience,pap599
ComputerScience,pap600
Engineering,pap601
ComputerScience,pap601
Engineering,pap602
Engineering,pap603
ComputerScience,pap603
ComputerScience,pap604
Engineering,pap606
ComputerScience,pap606
PoliticalScience,pap607
ComputerScience,pap607
ComputerScience,pap608
Medicine,pap608
Biology,pap608
ComputerScience,pap609
ComputerScience,pap610
ComputerScience,pap611
Engineering,pap612
ComputerScience,pap613
ComputerScience,pap614
ComputerScience,pap615
Medicine,pap615
ComputerScience,pap616
Engineering,pap616
ComputerScience,pap617
Engineering,pap618
ComputerScience,pap618
ComputerScience,pap619
Engineering,pap620
Engineering,pap621
ComputerScience,pap621
ComputerScience,pap622
Engineering,pap623
ComputerScience,pap623
Engineering,pap624
ComputerScience,pap624
ComputerScience,pap625
ComputerScience,pap626
ComputerScience,pap627
ComputerScience,pap628
Engineering,pap629
ComputerScience,pap629
ComputerScience,pap630
ComputerScience,pap631
ComputerScience,pap632
ComputerScience,pap633
ComputerScience,pap634
ComputerScience,pap635
ComputerScience,pap636
ComputerScience,pap637
ComputerScience,pap638
ComputerScience,pap639
Engineering,pap640
ComputerScience,pap640
ComputerScience,pap641
ComputerScience,pap642
ComputerScience,pap643
ComputerScience,pap644
Engineering,pap644
ComputerScience,pap645
Engineering,pap646
ComputerScience,pap646
ComputerScience,pap647
Engineering,pap648
ComputerScience,pap648
Engineering,pap649
ComputerScience,pap650
ComputerScience,pap651
ComputerScience,pap652
ComputerScience,pap653
ComputerScience,pap654
Engineering,pap654
ComputerScience,pap655
ComputerScience,pap656
Engineering,pap656
ComputerScience,pap657
Engineering,pap657
ComputerScience,pap658
ComputerScience,pap659
ComputerScience,pap660
ComputerScience,pap661
Engineering,pap661
ComputerScience,pap662
ComputerScience,pap663
ComputerScience,pap664
ComputerScience,pap665
ComputerScience,pap666
ComputerScience,pap667
Engineering,pap668
ComputerScience,pap668
ComputerScience,pap669
ComputerScience,pap670
Engineering,pap671
Engineering,pap672
Engineering,pap673
ComputerScience,pap673
Engineering,pap674
ComputerScience,pap675
ComputerScience,pap676
ComputerScience,pap677
ComputerScience,pap678
ComputerScience,pap679
ComputerScience,pap680
ComputerScience,pap681
ComputerScience,pap682
ComputerScience,pap683
ComputerScience,pap684
Engineering,pap685
ComputerScience,pap685
ComputerScience,pap686
ComputerScience,pap687
Engineering,pap687
ComputerScience,pap689
Engineering,pap689
ComputerScience,pap690
Engineering,pap691
ComputerScience,pap691
ComputerScience,pap692
ComputerScience,pap693
ComputerScience,pap694
ComputerScience,pap695
ComputerScience,pap696
ComputerScience,pap697
ComputerScience,pap698
Engineering,pap698
Engineering,pap699
ComputerScience,pap699
Engineering,pap700
ComputerScience,pap701
ComputerScience,pap702
ComputerScience,pap703
ComputerScience,pap704
ComputerScience,pap705
Engineering,pap706
ComputerScience,pap707
Engineering,pap708
ComputerScience,pap708
ComputerScience,pap709
Engineering,pap710
ComputerScience,pap710
ComputerScience,pap711
Engineering,pap712
ComputerScience,pap712
ComputerScience,pap713
ComputerScience,pap714
ComputerScience,pap715
Engineering,pap715
ComputerScience,pap716
ComputerScience,pap717
ComputerScience,pap718
ComputerScience,pap719
ComputerScience,pap720
ComputerScience,pap721
ComputerScience,pap722
Engineering,pap723
ComputerScience,pap724
Engineering,pap724
ComputerScience,pap725
ComputerScience,pap726
Engineering,pap727
ComputerScience,pap727
ComputerScience,pap728
Engineering,pap728
ComputerScience,pap729
ComputerScience,pap730
Engineering,pap730
ComputerScience,pap731
Engineering,pap731
ComputerScience,pap732
Engineering,pap733
ComputerScience,pap733
ComputerScience,pap734
ComputerScience,pap735
Engineering,pap735
ComputerScience,pap736
Engineering,pap736
ComputerScience,pap737
ComputerScience,pap738
ComputerScience,pap740
ComputerScience,pap741
Engineering,pap742
ComputerScience,pap742
ComputerScience,pap743
ComputerScience,pap744
ComputerScience,pap745
ComputerScience,pap746
ComputerScience,pap747
ComputerScience,pap748
ComputerScience,pap749
ComputerScience,pap750
ComputerScience,pap751
ComputerScience,pap752
ComputerScience,pap753
ComputerScience,pap754
ComputerScience,pap755
ComputerScience,pap756
ComputerScience,pap757
ComputerScience,pap758
ComputerScience,pap759
ComputerScience,pap760
ComputerScience,pap761
ComputerScience,pap762
ComputerScience,pap763
ComputerScience,pap764
Engineering,pap765
ComputerScience,pap765
ComputerScience,pap766
ComputerScience,pap767
ComputerScience,pap768
Engineering,pap769
ComputerScience,pap769
Engineering,pap770
ComputerScience,pap770
ComputerScience,pap771
Engineering,pap771
ComputerScience,pap772
ComputerScience,pap773
ComputerScience,pap774
ComputerScience,pap776
Engineering,pap776
ComputerScience,pap777
ComputerScience,pap778
Engineering,pap779
Chemistry,pap780
ComputerScience,pap781
ComputerScience,pap782
Engineering,pap783
ComputerScience,pap783
Engineering,pap784
ComputerScience,pap784
Engineering,pap785
ComputerScience,pap786
ComputerScience,pap787
ComputerScience,pap788
Engineering,pap789
ComputerScience,pap790
ComputerScience,pap791
ComputerScience,pap792
ComputerScience,pap793
Engineering,pap793
ComputerScience,pap794
ComputerScience,pap795
ComputerScience,pap796
ComputerScience,pap797
ComputerScience,pap798
Engineering,pap798
Engineering,pap799
ComputerScience,pap799
ComputerScience,pap800
ComputerScience,pap801
ComputerScience,pap803
ComputerScience,pap804
ComputerScience,pap805
ComputerScience,pap806
ComputerScience,pap807
ComputerScience,pap808
ComputerScience,pap809
ComputerScience,pap810
ComputerScience,pap811
ComputerScience,pap812
Engineering,pap813
ComputerScience,pap813
ComputerScience,pap814
ComputerScience,pap815
Engineering,pap815
ComputerScience,pap816
ComputerScience,pap817
ComputerScience,pap818
Engineering,pap818
Engineering,pap819
ComputerScience,pap819
ComputerScience,pap820
Engineering,pap821
ComputerScience,pap821
ComputerScience,pap822
Engineering,pap823
ComputerScience,pap823
ComputerScience,pap824
ComputerScience,pap825
ComputerScience,pap826
Engineering,pap827
ComputerScience,pap827
Engineering,pap828
ComputerScience,pap829
Engineering,pap829
ComputerScience,pap830
Engineering,pap830
ComputerScience,pap831
ComputerScience,pap832
Engineering,pap833
ComputerScience,pap833
ComputerScience,pap834
ComputerScience,pap835
ComputerScience,pap836
Engineering,pap837
ComputerScience,pap838
Engineering,pap838
ComputerScience,pap840
ComputerScience,pap841
Engineering,pap842
ComputerScience,pap842
Engineering,pap843
ComputerScience,pap844
ComputerScience,pap845
ComputerScience,pap846
ComputerScience,pap847
ComputerScience,pap848
ComputerScience,pap849
ComputerScience,pap850
ComputerScience,pap851
ComputerScience,pap852
ComputerScience,pap853
ComputerScience,pap854
ComputerScience,pap856
ComputerScience,pap857
ComputerScience,pap858
ComputerScience,pap859
ComputerScience,pap860
ComputerScience,pap861
ComputerScience,pap862
ComputerScience,pap863
ComputerScience,pap864
ComputerScience,pap865
ComputerScience,pap866
ComputerScience,pap867
Engineering,pap868
ComputerScience,pap868
ComputerScience,pap869
Engineering,pap870
Database,pap870
ComputerScience,pap871
ComputerScience,pap872
ComputerScience,pap873
ComputerScience,pap874
ComputerScience,pap875
ComputerScience,pap876
ComputerScience,pap877
Engineering,pap878
ComputerScience,pap878
ComputerScience,pap879
ComputerScience,pap880
ComputerScience,pap881
ComputerScience,pap882
ComputerScience,pap884
Engineering,pap884
ComputerScience,pap885
ComputerScience,pap886
ComputerScience,pap887
ComputerScience,pap888
ComputerScience,pap889
ComputerScience,pap890
Engineering,pap890
ComputerScience,pap891
ComputerScience,pap892
Engineering,pap893
ComputerScience,pap893
ComputerScience,pap894
ComputerScience,pap895
ComputerScience,pap896
ComputerScience,pap897
ComputerScience,pap898
ComputerScience,pap899
ComputerScience,pap900
ComputerScience,pap901
Engineering,pap901
ComputerScience,pap902
ComputerScience,pap903
ComputerScience,pap904
ComputerScience,pap906
Engineering,pap906
ComputerScience,pap907
ComputerScience,pap908
ComputerScience,pap909
ComputerScience,pap910
ComputerScience,pap911
ComputerScience,pap912
Engineering,pap913
ComputerScience,pap913
ComputerScience,pap914
Engineering,pap916
ComputerScience,pap918
ComputerScience,pap919
ComputerScience,pap920
ComputerScience,pap921
Engineering,pap922
ComputerScience,pap922
ComputerScience,pap923
ComputerScience,pap924
ComputerScience,pap925
ComputerScience,pap926
Engineering,pap927
ComputerScience,pap927
ComputerScience,pap928
ComputerScience,pap929
ComputerScience,pap930
ComputerScience,pap931
ComputerScience,pap932
ComputerScience,pap933
ComputerScience,pap934
Engineering,pap934
ComputerScience,pap935
ComputerScience,pap936
ComputerScience,pap937
Engineering,pap938
ComputerScience,pap938
ComputerScience,pap939
ComputerScience,pap940
ComputerScience,pap941
ComputerScience,pap942
ComputerScience,pap943
Engineering,pap944
ComputerScience,pap944
ComputerScience,pap945
ComputerScience,pap946
Engineering,pap947
ComputerScience,pap948
ComputerScience,pap949
Engineering,pap950
ComputerScience,pap951
Engineering,pap951
ComputerScience,pap952
Engineering,pap953
ComputerScience,pap953
ComputerScience,pap954
Engineering,pap955
ComputerScience,pap955
ComputerScience,pap956
ComputerScience,pap957
ComputerScience,pap958
Engineering,pap959
ComputerScience,pap960
ComputerScience,pap961
ComputerScience,pap962
ComputerScience,pap963
Engineering,pap964
ComputerScience,pap965
ComputerScience,pap966
ComputerScience,pap967
ComputerScience,pap968
ComputerScience,pap969
Engineering,pap969
ComputerScience,pap970
Engineering,pap971
ComputerScience,pap971
ComputerScience,pap972
Engineering,pap972
ComputerScience,pap974
ComputerScience,pap975
ComputerScience,pap976
ComputerScience,pap977
ComputerScience,pap978
ComputerScience,pap979
ComputerScience,pap980
Engineering,pap981
ComputerScience,pap981
ComputerScience,pap982
ComputerScience,pap983
ComputerScience,pap984
Engineering,pap985
ComputerScience,pap985
ComputerScience,pap986
Database,pap986
ComputerScience,pap987
ComputerScience,pap988
ComputerScience,pap989
Engineering,pap990
ComputerScience,pap990
ComputerScience,pap991
ComputerScience,pap992
ComputerScience,pap993
ComputerScience,pap994
ComputerScience,pap995
ComputerScience,pap996
ComputerScience,pap997
ComputerScience,pap998
ComputerScience,pap999
Medicine,pap1000
Biology,pap1000
Medicine,pap1002
Biology,pap1002
ComputerScience,pap1003
Medicine,pap1003
Biology,pap1003
Medicine,pap1004
ComputerScience,pap1004
Medicine,pap1005
ComputerScience,pap1005
Medicine,pap1008
ComputerScience,pap1008
ComputerScience,pap1009
Medicine,pap1009
Medicine,pap1010
ComputerScience,pap1011
Medicine,pap1011
ComputerScience,pap1013
Medicine,pap1013
Medicine,pap1014
Medicine,pap1015
ComputerScience,pap1015
Medicine,pap1016
ComputerScience,pap1016
ComputerScience,pap1017
Medicine,pap1017
Biology,pap1017
ComputerScience,pap1018
Medicine,pap1018
ComputerScience,pap1020
Medicine,pap1020
Biology,pap1020
Database,pap1020
Medicine,pap1022
Biology,pap1022
ComputerScience,pap1023
Biology,pap1023
Medicine,pap1023
Medicine,pap1024
Medicine,pap1026
ComputerScience,pap1027
Medicine,pap1027
ComputerScience,pap1028
Medicine,pap1028
Medicine,pap1029
Biology,pap1029
Biology,pap1030
Medicine,pap1030
ComputerScience,pap1032
Medicine,pap1032
Medicine,pap1033
Mathematics,pap1034
ComputerScience,pap1035
ComputerScience,pap1036
Medicine,pap1036
ComputerScience,pap1037
ComputerScience,pap1038
Medicine,pap1038
ComputerScience,pap1039
Medicine,pap1039
Biology,pap1040
Medicine,pap1040
ComputerScience,pap1040
ComputerScience,pap1041
Medicine,pap1041
Biology,pap1043
ComputerScience,pap1043
Medicine,pap1043
ComputerScience,pap1044
Biology,pap1044
Medicine,pap1044
ComputerScience,pap1045
Medicine,pap1045
Biology,pap1046
Medicine,pap1046
Biology,pap1047
ComputerScience,pap1047
Medicine,pap1047
ComputerScience,pap1048
ComputerScience,pap1049
Biology,pap1049
Medicine,pap1049
ComputerScience,pap1050
Medicine,pap1050
Medicine,pap1051
ComputerScience,pap1052
Medicine,pap1052
ComputerScience,pap1053
Medicine,pap1053
Medicine,pap1054
ComputerScience,pap1054
ComputerScience,pap1055
Mathematics,pap1055
Medicine,pap1055
Biology,pap1055
ComputerScience,pap1057
Medicine,pap1058
ComputerScience,pap1058
Biology,pap1059
ComputerScience,pap1059
Medicine,pap1059
Medicine,pap1060
ComputerScience,pap1060
Biology,pap1060
Database,pap1060
ComputerScience,pap1061
Medicine,pap1061
Biology,pap1061
Database,pap1061
Medicine,pap1062
ComputerScience,pap1063
Medicine,pap1063
Biology,pap1064
Medicine,pap1064
ComputerScience,pap1065
Biology,pap1066
Medicine,pap1066
Medicine,pap1067
ComputerScience,pap1067
ComputerScience,pap1068
Medicine,pap1068
ComputerScience,pap1069
ComputerScience,pap1070
ComputerScience,pap1071
Medicine,pap1071
Biology,pap1072
Medicine,pap1072
Medicine,pap1073
ComputerScience,pap1073
ComputerScience,pap1074
Medicine,pap1074
ComputerScience,pap1075
Biology,pap1076
Medicine,pap1076
Medicine,pap1077
ComputerScience,pap1077
ComputerScience,pap1079
Medicine,pap1080
ComputerScience,pap1080
Biology,pap1080
PoliticalScience,pap1081
Medicine,pap1081
ComputerScience,pap1081
Biology,pap1082
Medicine,pap1082
ComputerScience,pap1083
Medicine,pap1083
Medicine,pap1084
ComputerScience,pap1085
Medicine,pap1085
Medicine,pap1086
Biology,pap1086
ComputerScience,pap1087
ComputerScience,pap1088
ComputerScience,pap1090
Biology,pap1091
Biology,pap1092
Medicine,pap1092
ComputerScience,pap1094
Medicine,pap1094
ComputerScience,pap1095
Biology,pap1095
Medicine,pap1095
ComputerScience,pap1096
Medicine,pap1096
Medicine,pap1097
ComputerScience,pap1097
ComputerScience,pap1099
Medicine,pap1099
Medicine,pap1100
Biology,pap1101
ComputerScience,pap1101
Medicine,pap1101
Medicine,pap1102
ComputerScience,pap1102
ComputerScience,pap1103
Medicine,pap1103
Medicine,pap1104
ComputerScience,pap1104
Chemistry,pap1105
ComputerScience,pap1105
ComputerScience,pap1106
Medicine,pap1106
ComputerScience,pap1107
Medicine,pap1107
ComputerScience,pap1108
Medicine,pap1108
Biology,pap1109
Medicine,pap1109
ComputerScience,pap1110
Medicine,pap1110
Biology,pap1110
Biology,pap1111
Medicine,pap1111
ComputerScience,pap1112
Biology,pap1113
Medicine,pap1113
ComputerScience,pap1116
ComputerScience,pap1118
Medicine,pap1118
ComputerScience,pap1119
ComputerScience,pap1120
ComputerScience,pap1121
Medicine,pap1121
Biology,pap1121
Medicine,pap1124
ComputerScience,pap1125
Biology,pap1125
Medicine,pap1125
Medicine,pap1126
ComputerScience,pap1126
ComputerScience,pap1127
Medicine,pap1127
ComputerScience,pap1128
Medicine,pap1128
ComputerScience,pap1129
ComputerScience,pap1130
Medicine,pap1130
ComputerScience,pap1131
Medicine,pap1131
Medicine,pap1132
ComputerScience,pap1132
Chemistry,pap1133
Medicine,pap1134
ComputerScience,pap1134
Medicine,pap1135
Biology,pap1135
ComputerScience,pap1136
Medicine,pap1136
Medicine,pap1137
Biology,pap1137
Biology,pap1138
Engineering,pap1138
ComputerScience,pap1138
Medicine,pap1138
ComputerScience,pap1139
Medicine,pap1139
ComputerScience,pap1141
Medicine,pap1141
ComputerScience,pap1142
Medicine,pap1143
Biology,pap1143
ComputerScience,pap1143
ComputerScience,pap1144
Database,pap1144
ComputerScience,pap1145
Medicine,pap1145
Chemistry,pap1146
Medicine,pap1146
Medicine,pap1149
Biology,pap1149
Biology,pap1150
Biology,pap1151
Medicine,pap1151
ComputerScience,pap1151
Database,pap1151
Biology,pap1153
Medicine,pap1153
Database,pap1154
Biology,pap1155
Medicine,pap1155
Medicine,pap1156
Chemistry,pap1156
ComputerScience,pap1156
ComputerScience,pap1157
Medicine,pap1157
ComputerScience,pap1158
Medicine,pap1158
Mathematics,pap1159
ComputerScience,pap1159
Biology,pap1159
Medicine,pap1159
ComputerScience,pap1161
Medicine,pap1161
Biology,pap1161
Physics,pap1161
Biology,pap1162
Medicine,pap1162
Database,pap1162
Biology,pap1163
Medicine,pap1163
ComputerScience,pap1163
ComputerScience,pap1164
Medicine,pap1164
Medicine,pap1166
Biology,pap1166
Engineering,pap1167
ComputerScience,pap1168
Medicine,pap1168
Medicine,pap1170
ComputerScience,pap1170
Biology,pap1171
ComputerScience,pap1171
Medicine,pap1171
ComputerScience,pap1173
ComputerScience,pap1174
Medicine,pap1174
ComputerScience,pap1175
Medicine,pap1175
Biology,pap1175
Medicine,pap1176
ComputerScience,pap1177
Biology,pap1177
Medicine,pap1177
Medicine,pap1178
Chemistry,pap1178
Medicine,pap1181
Biology,pap1181
Medicine,pap1182
Biology,pap1182
ComputerScience,pap1183
Business,pap1184
ComputerScience,pap1184
Medicine,pap1185
ComputerScience,pap1185
Biology,pap1185
Database,pap1185
Medicine,pap1186
Biology,pap1186
ComputerScience,pap1188
Medicine,pap1188
Database,pap1188
Database,pap1192
ComputerScience,pap1194
ComputerScience,pap1197
Database,pap1197
ComputerScience,pap1198
ComputerScience,pap1202
Medicine,pap1202
ComputerScience,pap1205
Medicine,pap1205
Medicine,pap1206
Biology,pap1206
Medicine,pap1207
Biology,pap1207
ComputerScience,pap1214
Medicine,pap1214
Biology,pap1214
ComputerScience,pap1215
Medicine,pap1215
Biology,pap1234
Biology,pap1242
Medicine,pap1242
Chemistry,pap1251
Medicine,pap1251
ComputerScience,pap1274
Medicine,pap1274
ComputerScience,pap1275
Medicine,pap1275
ComputerScience,pap1282
Medicine,pap1283
Biology,pap1283
Mathematics,pap1286
ComputerScience,pap1286
Biology,pap1287
Medicine,pap1287
ComputerScience,pap1287
ComputerScience,pap1288
Biology,pap1289
ComputerScience,pap1289
Medicine,pap1289
Medicine,pap1290
ComputerScience,pap1290
ComputerScience,pap1291
Biology,pap1292
Medicine,pap1292
ComputerScience,pap1292
Biology,pap1293
ComputerScience,pap1294
Biology,pap1294
ComputerScience,pap1295
Biology,pap1295
Medicine,pap1295
Biology,pap1296
Medicine,pap1296
Biology,pap1297
Medicine,pap1297
Medicine,pap1298
ComputerScience,pap1298
Medicine,pap1299
Database,pap1299
Biology,pap1300
Medicine,pap1300
Chemistry,pap1301
Biology,pap1301
Medicine,pap1301
ComputerScience,pap1302
Medicine,pap1302
Biology,pap1303
Medicine,pap1303
Chemistry,pap1304
Medicine,pap1304
ComputerScience,pap1305
Biology,pap1306
ComputerScience,pap1306
Medicine,pap1307
ComputerScience,pap1307
ComputerScience,pap1308
Medicine,pap1309
ComputerScience,pap1309
Medicine,pap1310
Medicine,pap1311
ComputerScience,pap1311
Biology,pap1312
ComputerScience,pap1312
Medicine,pap1312
Biology,pap1313
ComputerScience,pap1314
Medicine,pap1314
Biology,pap1314
Medicine,pap1316
ComputerScience,pap1316
Medicine,pap1317
ComputerScience,pap1318
Medicine,pap1318
ComputerScience,pap1319
Medicine,pap1319
Biology,pap1320
Medicine,pap1320
Medicine,pap1321
ComputerScience,pap1321
ComputerScience,pap1322
Biology,pap1322
Medicine,pap1322
Medicine,pap1323
ComputerScience,pap1323
Medicine,pap1324
ComputerScience,pap1324
Psychology,pap1324
ComputerScience,pap1325
Medicine,pap1326
ComputerScience,pap1326
Medicine,pap1327
Biology,pap1327
ComputerScience,pap1328
Medicine,pap1328
ComputerScience,pap1329
Medicine,pap1329
Medicine,pap1330
ComputerScience,pap1330
ComputerScience,pap1331
Medicine,pap1331
Biology,pap1332
Medicine,pap1332
Database,pap1332
Medicine,pap1333
Biology,pap1333
Biology,pap1334
Medicine,pap1334
Medicine,pap1335
Biology,pap1335
Medicine,pap1336
Biology,pap1336
ComputerScience,pap1337
Medicine,pap1337
ComputerScience,pap1339
Medicine,pap1339
ComputerScience,pap1340
Medicine,pap1340
Biology,pap1340
ComputerScience,pap1341
Biology,pap1341
Medicine,pap1341
Medicine,pap1342
Biology,pap1342
ComputerScience,pap1343
Medicine,pap1343
Medicine,pap1345
ComputerScience,pap1346
Medicine,pap1346
Biology,pap1347
Medicine,pap1347
ComputerScience,pap1347
ComputerScience,pap1348
Medicine,pap1348
ComputerScience,pap1349
Medicine,pap1351
ComputerScience,pap1351
Biology,pap1351
ComputerScience,pap1352
Medicine,pap1352
Biology,pap1353
Medicine,pap1353
Medicine,pap1354
ComputerScience,pap1354
Biology,pap1355
Medicine,pap1355
ComputerScience,pap1357
Mathematics,pap1357
Biology,pap1358
ComputerScience,pap1358
Medicine,pap1358
ComputerScience,pap1359
Medicine,pap1359
Biology,pap1360
ComputerScience,pap1360
Medicine,pap1360
ComputerScience,pap1361
Biology,pap1361
Medicine,pap1361
Medicine,pap1362
ComputerScience,pap1362
Database,pap1362
ComputerScience,pap1363
Medicine,pap1363
Medicine,pap1364
ComputerScience,pap1364
Biology,pap1364
ComputerScience,pap1365
Medicine,pap1365
Medicine,pap1366
ComputerScience,pap1366
ComputerScience,pap1367
Medicine,pap1367
ComputerScience,pap1368
Medicine,pap1368
Biology,pap1369
Medicine,pap1369
ComputerScience,pap1369
Medicine,pap1370
ComputerScience,pap1370
Database,pap1370
Biology,pap1372
Medicine,pap1372
ComputerScience,pap1372
Medicine,pap1373
ComputerScience,pap1373
ComputerScience,pap1375
Medicine,pap1375
Biology,pap1375
Mathematics,pap1376
ComputerScience,pap1376
ComputerScience,pap1377
Medicine,pap1377
ComputerScience,pap1379
Medicine,pap1379
Biology,pap1380
Medicine,pap1381
Biology,pap1381
Medicine,pap1383
Biology,pap1383
Biology,pap1384
ComputerScience,pap1384
Medicine,pap1384
ComputerScience,pap1385
Biology,pap1385
Database,pap1385
Medicine,pap1386
ComputerScience,pap1386
Medicine,pap1387
ComputerScience,pap1387
Biology,pap1387
ComputerScience,pap1388
Medicine,pap1388
Biology,pap1388
Medicine,pap1389
Biology,pap1389
ComputerScience,pap1390
Mathematics,pap1390
ComputerScience,pap1391
Medicine,pap1391
ComputerScience,pap1392
Medicine,pap1392
Medicine,pap1394
Medicine,pap1395
ComputerScience,pap1395
Biology,pap1396
Medicine,pap1396
Engineering,pap1397
ComputerScience,pap1398
Medicine,pap1398
Medicine,pap1399
Medicine,pap1400
Biology,pap1401
Medicine,pap1401
Medicine,pap1402
ComputerScience,pap1402
Biology,pap1404
Medicine,pap1404
Database,pap1404
Biology,pap1405
ComputerScience,pap1405
ComputerScience,pap1406
Medicine,pap1406
Medicine,pap1407
ComputerScience,pap1407
ComputerScience,pap1408
ComputerScience,pap1409
Medicine,pap1409
ComputerScience,pap1410
Medicine,pap1410
Medicine,pap1411
Engineering,pap1411
ComputerScience,pap1411
ComputerScience,pap1412
ComputerScience,pap1413
ComputerScience,pap1414
Medicine,pap1414
Biology,pap1415
ComputerScience,pap1415
Medicine,pap1415
Biology,pap1416
Medicine,pap1416
Medicine,pap1417
Biology,pap1417
ComputerScience,pap1418
Medicine,pap1418
ComputerScience,pap1419
ComputerScience,pap1420
Medicine,pap1420
Biology,pap1421
Medicine,pap1421
ComputerScience,pap1421
Database,pap1421
ComputerScience,pap1422
Medicine,pap1422
Medicine,pap1423
Biology,pap1423
ComputerScience,pap1423
Biology,pap1424
ComputerScience,pap1424
Medicine,pap1424
ComputerScience,pap1425
Medicine,pap1425
ComputerScience,pap1426
Medicine,pap1426
Biology,pap1426
Mathematics,pap1427
ComputerScience,pap1427
ComputerScience,pap1428
Medicine,pap1428
Biology,pap1429
ComputerScience,pap1429
Medicine,pap1429
Medicine,pap1430
Biology,pap1430
ComputerScience,pap1430
ComputerScience,pap1431
Mathematics,pap1431
ComputerScience,pap1432
Mathematics,pap1432
ComputerScience,pap1433
Medicine,pap1434
Biology,pap1434
Medicine,pap1435
ComputerScience,pap1435
Biology,pap1436
ComputerScience,pap1436
Medicine,pap1436
ComputerScience,pap1437
Medicine,pap1437
ComputerScience,pap1438
Medicine,pap1438
ComputerScience,pap1439
Biology,pap1439
Medicine,pap1439
Medicine,pap1440
Biology,pap1440
ComputerScience,pap1440
Database,pap1440
Medicine,pap1441
ComputerScience,pap1441
ComputerScience,pap1442
ComputerScience,pap1443
Biology,pap1443
Medicine,pap1443
Biology,pap1444
Medicine,pap1444
Biology,pap1445
Medicine,pap1445
ComputerScience,pap1445
Database,pap1445
Medicine,pap1446
Biology,pap1446
ComputerScience,pap1447
Medicine,pap1447
ComputerScience,pap1448
Medicine,pap1448
ComputerScience,pap1449
Medicine,pap1449
Medicine,pap1450
ComputerScience,pap1450
ComputerScience,pap1451
Biology,pap1452
Medicine,pap1452
Medicine,pap1453
Biology,pap1453
ComputerScience,pap1454
ComputerScience,pap1455
Medicine,pap1456
ComputerScience,pap1456
ComputerScience,pap1457
Medicine,pap1457
Database,pap1458
Biology,pap1459
Medicine,pap1459
ComputerScience,pap1460
Medicine,pap1460
Medicine,pap1462
ComputerScience,pap1462
Psychology,pap1462
ComputerScience,pap1463
Medicine,pap1463
Medicine,pap1464
Biology,pap1465
Medicine,pap1465
Medicine,pap1466
ComputerScience,pap1466
Biology,pap1466
ComputerScience,pap1467
Medicine,pap1467
Database,pap1467
ComputerScience,pap1468
Biology,pap1468
Medicine,pap1468
Database,pap1468
Biology,pap1469
Medicine,pap1469
ComputerScience,pap1469
Biology,pap1470
Medicine,pap1470
Biology,pap1471
Medicine,pap1472
ComputerScience,pap1472
ComputerScience,pap1473
Medicine,pap1473
ComputerScience,pap1474
ComputerScience,pap1476
ComputerScience,pap1477
Medicine,pap1477
ComputerScience,pap1478
Medicine,pap1478
ComputerScience,pap1479
Medicine,pap1479
Medicine,pap1481
ComputerScience,pap1481
Chemistry,pap1482
Medicine,pap1482
Database,pap1482
ComputerScience,pap1483
Medicine,pap1484
Biology,pap1484
ComputerScience,pap1485
Medicine,pap1485
Biology,pap1486
Medicine,pap1486
ComputerScience,pap1487
ComputerScience,pap1488
Mathematics,pap1488
Medicine,pap1489
Biology,pap1490
ComputerScience,pap1490
Medicine,pap1490
ComputerScience,pap1491
Medicine,pap1491
Medicine,pap1492
ComputerScience,pap1492
Biology,pap1492
Medicine,pap1493
Biology,pap1493
Medicine,pap1494
ComputerScience,pap1494
Medicine,pap1495
ComputerScience,pap1495
Biology,pap1495
Medicine,pap1496
ComputerScience,pap1496
Engineering,pap1497
ComputerScience,pap1498
ComputerScience,pap1499
Mathematics,pap1501
ComputerScience,pap1502
Mathematics,pap1503
ComputerScience,pap1503
Mathematics,pap1504
ComputerScience,pap1505
ComputerScience,pap1506
ComputerScience,pap1508
ComputerScience,pap1509
Medicine,pap1509
Mathematics,pap1510
Sociology,pap1511
Medicine,pap1512
ComputerScience,pap1512
Chemistry,pap1513
ComputerScience,pap1514
ComputerScience,pap1515
Medicine,pap1516
ComputerScience,pap1516
ComputerScience,pap1517
ComputerScience,pap1518
Mathematics,pap1520
MaterialsScience,pap1521
Medicine,pap1522
ComputerScience,pap1522
Biology,pap1522
ComputerScience,pap1523
ComputerScience,pap1524
ComputerScience,pap1525
ComputerScience,pap1527
Medicine,pap1527
Biology,pap1527
Mathematics,pap1528
ComputerScience,pap1529
Mathematics,pap1530
ComputerScience,pap1530
Psychology,pap1531
Medicine,pap1531
ComputerScience,pap1534
Medicine,pap1534
ComputerScience,pap1535
ComputerScience,pap1536
Medicine,pap1537
ComputerScience,pap1537
Mathematics,pap1537
ComputerScience,pap1538
Medicine,pap1539
ComputerScience,pap1539
Mathematics,pap1540
Physics,pap1540
Mathematics,pap1541
ComputerScience,pap1542
Mathematics,pap1543
Mathematics,pap1544
Mathematics,pap1545
ComputerScience,pap1545
ComputerScience,pap1546
ComputerScience,pap1547
Mathematics,pap1547
Psychology,pap1548
Medicine,pap1548
ComputerScience,pap1549
Mathematics,pap1549
Mathematics,pap1550
Mathematics,pap1551
Mathematics,pap1552
Medicine,pap1553
Psychology,pap1553
ComputerScience,pap1554
Mathematics,pap1555
ComputerScience,pap1556
Psychology,pap1557
Medicine,pap1557
Mathematics,pap1558
Mathematics,pap1559
ComputerScience,pap1560
ComputerScience,pap1561
Mathematics,pap1561
Mathematics,pap1562
ComputerScience,pap1562
Mathematics,pap1563
Mathematics,pap1564
Mathematics,pap1566
Medicine,pap1566
ComputerScience,pap1568
Engineering,pap1569
Psychology,pap1570
Medicine,pap1570
Medicine,pap1571
Psychology,pap1571
ComputerScience,pap1572
Geology,pap1573
ComputerScience,pap1573
ComputerScience,pap1574
ComputerScience,pap1575
Mathematics,pap1575
Mathematics,pap1576
ComputerScience,pap1577
Mathematics,pap1577
ComputerScience,pap1578
Mathematics,pap1578
ComputerScience,pap1579
ComputerScience,pap1580
Medicine,pap1580
ComputerScience,pap1581
Chemistry,pap1582
Mathematics,pap1583
Mathematics,pap1584
Medicine,pap1585
ComputerScience,pap1585
ComputerScience,pap1586
Mathematics,pap1587
ComputerScience,pap1587
ComputerScience,pap1588
Medicine,pap1588
Physics,pap1588
ComputerScience,pap1589
ComputerScience,pap1590
Medicine,pap1590
ComputerScience,pap1591
Mathematics,pap1592
Physics,pap1593
ComputerScience,pap1594
Medicine,pap1594
Mathematics,pap1594
ComputerScience,pap1595
Medicine,pap1595
ComputerScience,pap1596
ComputerScience,pap1597
Mathematics,pap1597
Medicine,pap1597
ComputerScience,pap1598
Mathematics,pap1598
ComputerScience,pap1599
Mathematics,pap1599
Mathematics,pap1600
ComputerScience,pap1601
Medicine,pap1601
ComputerScience,pap1602
Mathematics,pap1602
Engineering,pap1603
ComputerScience,pap1604
Mathematics,pap1604
Mathematics,pap1605
Engineering,pap1606
ComputerScience,pap1606
Mathematics,pap1607
Medicine,pap1607
ComputerScience,pap1607
ComputerScience,pap1608
Mathematics,pap1608
ComputerScience,pap1609
Mathematics,pap1610
ComputerScience,pap1611
ComputerScience,pap1612
Mathematics,pap1613
Mathematics,pap1614
ComputerScience,pap1614
ComputerScience,pap1615
Medicine,pap1615
Economics,pap1616
ComputerScience,pap1617
ComputerScience,pap1618
ComputerScience,pap1619
ComputerScience,pap1620
Mathematics,pap1621
ComputerScience,pap1621
Mathematics,pap1622
Medicine,pap1623
Psychology,pap1623
Business,pap1625
ComputerScience,pap1626
ComputerScience,pap1627
ComputerScience,pap1628
ComputerScience,pap1629
Mathematics,pap1630
ComputerScience,pap1630
Mathematics,pap1631
Mathematics,pap1632
Mathematics,pap1633
ComputerScience,pap1634
Physics,pap1634
Medicine,pap1635
Psychology,pap1635
Mathematics,pap1636
ComputerScience,pap1636
ComputerScience,pap1637
Mathematics,pap1637
ComputerScience,pap1638
ComputerScience,pap1639
ComputerScience,pap1640
Physics,pap1641
Chemistry,pap1641
Geography,pap1642
Biology,pap1643
Medicine,pap1643
Biology,pap1644
Medicine,pap1644
Mathematics,pap1645
ComputerScience,pap1646
Mathematics,pap1647
ComputerScience,pap1648
Mathematics,pap1649
Engineering,pap1650
ComputerScience,pap1651
Medicine,pap1651
Mathematics,pap1652
Mathematics,pap1654
ComputerScience,pap1655
Mathematics,pap1656
Medicine,pap1656
ComputerScience,pap1657
Mathematics,pap1658
ComputerScience,pap1659
Medicine,pap1659
ComputerScience,pap1660
Biology,pap1661
Medicine,pap1661
Mathematics,pap1662
ComputerScience,pap1663
ComputerScience,pap1664
Mathematics,pap1665
Medicine,pap1666
Chemistry,pap1666
Medicine,pap1667
ComputerScience,pap1668
Geography,pap1668
Mathematics,pap1669
ComputerScience,pap1669
Chemistry,pap1670
Medicine,pap1670
ComputerScience,pap1671
Physics,pap1672
ComputerScience,pap1672
Physics,pap1673
ComputerScience,pap1673
Mathematics,pap1674
Medicine,pap1675
Mathematics,pap1675
ComputerScience,pap1675
ComputerScience,pap1676
Mathematics,pap1676
Mathematics,pap1677
ComputerScience,pap1678
Medicine,pap1678
ComputerScience,pap1679
Mathematics,pap1680
ComputerScience,pap1680
Chemistry,pap1681
Biology,pap1682
ComputerScience,pap1682
Medicine,pap1682
Mathematics,pap1683
Mathematics,pap1684
Mathematics,pap1685
Mathematics,pap1686
ComputerScience,pap1687
Mathematics,pap1689
Mathematics,pap1690
Mathematics,pap1691
Mathematics,pap1693
ComputerScience,pap1693
ComputerScience,pap1694
ComputerScience,pap1695
ComputerScience,pap1696
Mathematics,pap1697
ComputerScience,pap1698
Mathematics,pap1699
Mathematics,pap1700
ComputerScience,pap1701
ComputerScience,pap1702
Mathematics,pap1703
Physics,pap1704
Mathematics,pap1705
ComputerScience,pap1705
Mathematics,pap1706
Mathematics,pap1707
ComputerScience,pap1708
Mathematics,pap1710
Mathematics,pap1711
Mathematics,pap1712
Sociology,pap1713
Mathematics,pap1714
Mathematics,pap1715
Mathematics,pap1716
Mathematics,pap1717
Mathematics,pap1718
ComputerScience,pap1718
ComputerScience,pap1719
Mathematics,pap1720
ComputerScience,pap1722
Mathematics,pap1722
Mathematics,pap1723
ComputerScience,pap1724
ComputerScience,pap1725
ComputerScience,pap1726
Mathematics,pap1726
Mathematics,pap1727
Mathematics,pap1728
ComputerScience,pap1729
ComputerScience,pap1730
Mathematics,pap1731
Mathematics,pap1732
ComputerScience,pap1733
Medicine,pap1734
ComputerScience,pap1734
Mathematics,pap1734
Mathematics,pap1735
Mathematics,pap1736
Mathematics,pap1737
Mathematics,pap1738
ComputerScience,pap1739
Mathematics,pap1740
Mathematics,pap1741
ComputerScience,pap1742
Mathematics,pap1743
ComputerScience,pap1744
ComputerScience,pap1745
Chemistry,pap1746
Mathematics,pap1747
Mathematics,pap1748
Mathematics,pap1749
ComputerScience,pap1749
ComputerScience,pap1750
Mathematics,pap1750
MaterialsScience,pap1753
Mathematics,pap1754
Mathematics,pap1755
Mathematics,pap1756
ComputerScience,pap1756
Mathematics,pap1757
Mathematics,pap1759
Mathematics,pap1761
Mathematics,pap1762
Physics,pap1762
Mathematics,pap1763
Mathematics,pap1764
Mathematics,pap1765
ComputerScience,pap1765
Mathematics,pap1766
Mathematics,pap1767
ComputerScience,pap1767
Mathematics,pap1768
Physics,pap1769
Medicine,pap1769
ComputerScience,pap1769
Mathematics,pap1771
ComputerScience,pap1772
ComputerScience,pap1773
Mathematics,pap1773
Chemistry,pap1774
Medicine,pap1774
Mathematics,pap1775
Mathematics,pap1776
Physics,pap1777
Mathematics,pap1777
Mathematics,pap1778
Mathematics,pap1779
ComputerScience,pap1780
Mathematics,pap1780
Mathematics,pap1782
ComputerScience,pap1782
Mathematics,pap1783
Mathematics,pap1784
ComputerScience,pap1785
ComputerScience,pap1786
ComputerScience,pap1787
Mathematics,pap1787
ComputerScience,pap1788
Mathematics,pap1789
Biology,pap1790
Medicine,pap1790
Chemistry,pap1791
ComputerScience,pap1792
Psychology,pap1793
ComputerScience,pap1793
ComputerScience,pap1794
ComputerScience,pap1795
ComputerScience,pap1796
Mathematics,pap1796
ComputerScience,pap1797
ComputerScience,pap1798
Mathematics,pap1799
ComputerScience,pap1800
Chemistry,pap1801
Chemistry,pap1802
ComputerScience,pap1803
ComputerScience,pap1804
Chemistry,pap1805
ComputerScience,pap1806
Mathematics,pap1806
Mathematics,pap1807
Mathematics,pap1808
Mathematics,pap1809
ComputerScience,pap1810
Mathematics,pap1811
Mathematics,pap1812
Physics,pap1813
ComputerScience,pap1814
ComputerScience,pap1815
Mathematics,pap1816
ComputerScience,pap1817
Psychology,pap1818
ComputerScience,pap1818
Mathematics,pap1819
Mathematics,pap1820
Mathematics,pap1821
ComputerScience,pap1821
Mathematics,pap1822
Mathematics,pap1823
Mathematics,pap1824
ComputerScience,pap1825
Mathematics,pap1825
ComputerScience,pap1826
ComputerScience,pap1827
Mathematics,pap1827
Mathematics,pap1828
ComputerScience,pap1829
Mathematics,pap1830
Mathematics,pap1831
ComputerScience,pap1831
Mathematics,pap1832
ComputerScience,pap1833
Mathematics,pap1834
ComputerScience,pap1835
ComputerScience,pap1836
Mathematics,pap1837
ComputerScience,pap1838
Mathematics,pap1839
Mathematics,pap1840
Chemistry,pap1841
Mathematics,pap1842
ComputerScience,pap1843
ComputerScience,pap1844
Mathematics,pap1845
Mathematics,pap1846
ComputerScience,pap1847
ComputerScience,pap1848
Mathematics,pap1850
ComputerScience,pap1852
ComputerScience,pap1853
Mathematics,pap1853
ComputerScience,pap1854
Mathematics,pap1855
Mathematics,pap1856
Mathematics,pap1857
ComputerScience,pap1857
Mathematics,pap1858
ComputerScience,pap1859
Medicine,pap1859
Mathematics,pap1861
ComputerScience,pap1861
ComputerScience,pap1862
Mathematics,pap1863
Physics,pap1863
ComputerScience,pap1864
Mathematics,pap1864
Mathematics,pap1865
ComputerScience,pap1865
Physics,pap1866
Medicine,pap1866
Mathematics,pap1867
ComputerScience,pap1867
Medicine,pap1868
ComputerScience,pap1869
Mathematics,pap1870
ComputerScience,pap1871
ComputerScience,pap1872
Mathematics,pap1872
Mathematics,pap1873
ComputerScience,pap1873
Mathematics,pap1874
ComputerScience,pap1874
ComputerScience,pap1875
ComputerScience,pap1876
ComputerScience,pap1877
Database,pap1877
Mathematics,pap1878
Mathematics,pap1879
Mathematics,pap1880
ComputerScience,pap1881
ComputerScience,pap1882
Mathematics,pap1882
ComputerScience,pap1883
Mathematics,pap1883
ComputerScience,pap1884
Mathematics,pap1884
Sociology,pap1885
Mathematics,pap1886
ComputerScience,pap1887
Mathematics,pap1887
ComputerScience,pap1889
Physics,pap1889
Mathematics,pap1890
ComputerScience,pap1890
Chemistry,pap1891
Medicine,pap1891
Mathematics,pap1892
ComputerScience,pap1893
Physics,pap1893
Mathematics,pap1893
Mathematics,pap1894
Physics,pap1894
ComputerScience,pap1895
Mathematics,pap1896
Mathematics,pap1897
ComputerScience,pap1898
Medicine,pap1898
Sociology,pap1899
ComputerScience,pap1900
ComputerScience,pap1901
ComputerScience,pap1902
Medicine,pap1902
Mathematics,pap1903
Engineering,pap1903
ComputerScience,pap1903
Mathematics,pap1905
ComputerScience,pap1905
Mathematics,pap1906
ComputerScience,pap1906
Mathematics,pap1907
ComputerScience,pap1908
Medicine,pap1908
Mathematics,pap1909
Mathematics,pap1910
Mathematics,pap1911
ComputerScience,pap1911
ComputerScience,pap1912
ComputerScience,pap1913
Mathematics,pap1913
ComputerScience,pap1914
Mathematics,pap1915
ComputerScience,pap1915
Mathematics,pap1916
ComputerScience,pap1917
Mathematics,pap1918
Physics,pap1918
Medicine,pap1918
Chemistry,pap1919
ComputerScience,pap1920
Medicine,pap1921
Mathematics,pap1922
ComputerScience,pap1922
ComputerScience,pap1923
ComputerScience,pap1924
Medicine,pap1924
Mathematics,pap1924
Mathematics,pap1925
ComputerScience,pap1925
ComputerScience,pap1926
Medicine,pap1926
Mathematics,pap1927
ComputerScience,pap1927
Mathematics,pap1928
Mathematics,pap1929
Medicine,pap1929
ComputerScience,pap1929
ComputerScience,pap1930
Mathematics,pap1930
ComputerScience,pap1931
ComputerScience,pap1932
Mathematics,pap1932
Mathematics,pap1933
ComputerScience,pap1934
Medicine,pap1934
Mathematics,pap1934
Mathematics,pap1935
ComputerScience,pap1936
Mathematics,pap1936
Physics,pap1937
Medicine,pap1937
ComputerScience,pap1938
ComputerScience,pap1939
ComputerScience,pap1940
ComputerScience,pap1941
Medicine,pap1941
ComputerScience,pap1942
Mathematics,pap1942
Physics,pap1942
Physics,pap1943
Mathematics,pap1943
Mathematics,pap1944
ComputerScience,pap1945
Physics,pap1945
Mathematics,pap1945
Medicine,pap1945
Mathematics,pap1946
ComputerScience,pap1947
Mathematics,pap1947
Mathematics,pap1948
ComputerScience,pap1949
ComputerScience,pap1950
Medicine,pap1950
ComputerScience,pap1951
Physics,pap1952
Mathematics,pap1953
Medicine,pap1953
Mathematics,pap1954
ComputerScience,pap1954
Physics,pap1954
Mathematics,pap1955
ComputerScience,pap1955
Medicine,pap1957
ComputerScience,pap1957
Mathematics,pap1959
Economics,pap1960
Mathematics,pap1961
Mathematics,pap1962
ComputerScience,pap1963
ComputerScience,pap1964
ComputerScience,pap1965
Mathematics,pap1965
Mathematics,pap1966
ComputerScience,pap1966
Mathematics,pap1967
ComputerScience,pap1968
ComputerScience,pap1969
Mathematics,pap1969
Mathematics,pap1970
Medicine,pap1971
ComputerScience,pap1971
ComputerScience,pap1972
Mathematics,pap1973
ComputerScience,pap1973
Medicine,pap1974
ComputerScience,pap1974
Biology,pap1974
Mathematics,pap1974
Mathematics,pap1975
Physics,pap1976
Mathematics,pap1976
ComputerScience,pap1977
Mathematics,pap1977
Physics,pap1979
Mathematics,pap1979
Medicine,pap1979
ComputerScience,pap1980
Mathematics,pap1981
Mathematics,pap1983
ComputerScience,pap1984
Mathematics,pap1984
ComputerScience,pap1985
ComputerScience,pap1986
Mathematics,pap1987
Economics,pap1988
Mathematics,pap1988
ComputerScience,pap1989
Database,pap1989
ComputerScience,pap1990
Mathematics,pap1990
Mathematics,pap1991
Chemistry,pap1992
Mathematics,pap1993
Mathematics,pap1994
ComputerScience,pap1995
Mathematics,pap1995
Chemistry,pap1996
Mathematics,pap1997
ComputerScience,pap1998
Mathematics,pap1998
ComputerScience,pap1999
Chemistry,pap2000
Medicine,pap2000
Database,pap2000
ComputerScience,pap2001
Medicine,pap2001
Biology,pap2001
Database,pap2001
ComputerScience,pap2002
Medicine,pap2002
Database,pap2002
Medicine,pap2003
ComputerScience,pap2003
Biology,pap2003
Database,pap2003
Medicine,pap2004
ComputerScience,pap2004
Database,pap2004
Biology,pap2005
ComputerScience,pap2005
Medicine,pap2005
Database,pap2005
Biology,pap2006
Medicine,pap2006
Database,pap2006
ComputerScience,pap2007
Biology,pap2007
Medicine,pap2007
Database,pap2007
ComputerScience,pap2008
Biology,pap2008
Medicine,pap2008
Database,pap2008
ComputerScience,pap2009
Medicine,pap2009
Database,pap2009
Biology,pap2010
Database,pap2010
ComputerScience,pap2011
Database,pap2011
Biology,pap2012
Medicine,pap2012
Database,pap2012
ComputerScience,pap2013
Biology,pap2013
Medicine,pap2013
Database,pap2013
ComputerScience,pap2014
Medicine,pap2014
Database,pap2014
Medicine,pap2015
ComputerScience,pap2015
Biology,pap2015
Database,pap2015
ComputerScience,pap2016
Medicine,pap2016
Biology,pap2016
Database,pap2016
Medicine,pap2017
ComputerScience,pap2017
Database,pap2017
Medicine,pap2018
Database,pap2018
Medicine,pap2019
ComputerScience,pap2019
Database,pap2019
ComputerScience,pap2020
Database,pap2020
Database,pap2021
Medicine,pap2022
ComputerScience,pap2022
Biology,pap2022
Database,pap2022
Biology,pap2023
ComputerScience,pap2023
Medicine,pap2023
Database,pap2023
ComputerScience,pap2024
Database,pap2024
Biology,pap2025
Medicine,pap2025
Database,pap2025
Biology,pap2026
ComputerScience,pap2026
Medicine,pap2026
Database,pap2026
Medicine,pap2027
Database,pap2027
Chemistry,pap2028
Medicine,pap2028
MaterialsScience,pap2028
Database,pap2028
ComputerScience,pap2029
Database,pap2029
Biology,pap2030
Medicine,pap2030
ComputerScience,pap2030
Database,pap2030
Medicine,pap2031
Biology,pap2031
ComputerScience,pap2031
Database,pap2031
ComputerScience,pap2032
Database,pap2032
Medicine,pap2033
ComputerScience,pap2033
Biology,pap2033
Database,pap2033
ComputerScience,pap2034
Medicine,pap2034
Database,pap2034
EnvironmentalScience,pap2035
Database,pap2035
Biology,pap2036
Database,pap2036
ComputerScience,pap2037
Database,pap2037
Biology,pap2038
ComputerScience,pap2038
Medicine,pap2038
Database,pap2038
Medicine,pap2039
Chemistry,pap2039
ComputerScience,pap2039
Database,pap2039
ComputerScience,pap2040
Physics,pap2040
Database,pap2040
Geology,pap2041
Database,pap2041
ComputerScience,pap2042
Medicine,pap2042
Biology,pap2042
Database,pap2042
ComputerScience,pap2043
Medicine,pap2043
Database,pap2043
Biology,pap2044
ComputerScience,pap2044
Medicine,pap2044
Database,pap2044
ComputerScience,pap2045
Biology,pap2045
Medicine,pap2045
Database,pap2045
ComputerScience,pap2046
Database,pap2046
Database,pap2047
Medicine,pap2048
ComputerScience,pap2048
Database,pap2048
Medicine,pap2049
Biology,pap2049
ComputerScience,pap2049
Database,pap2049
Biology,pap2050
ComputerScience,pap2050
Medicine,pap2050
Database,pap2050
ComputerScience,pap2051
Biology,pap2051
Medicine,pap2051
Database,pap2051
ComputerScience,pap2052
Database,pap2052
Biology,pap2053
ComputerScience,pap2053
Medicine,pap2053
Database,pap2053
Medicine,pap2054
Biology,pap2054
ComputerScience,pap2054
Database,pap2054
ComputerScience,pap2055
Biology,pap2055
Medicine,pap2055
Database,pap2055
ComputerScience,pap2056
Medicine,pap2056
Biology,pap2056
Database,pap2056
ComputerScience,pap2057
Database,pap2057
ComputerScience,pap2058
Database,pap2058
Medicine,pap2059
Biology,pap2059
ComputerScience,pap2059
Database,pap2059
Medicine,pap2060
ComputerScience,pap2060
Biology,pap2060
Database,pap2060
Biology,pap2061
Medicine,pap2061
Database,pap2061
Medicine,pap2062
Biology,pap2062
Database,pap2062
Engineering,pap2063
Medicine,pap2063
Database,pap2063
ComputerScience,pap2064
Database,pap2064
ComputerScience,pap2065
Database,pap2065
ComputerScience,pap2066
Biology,pap2066
Database,pap2066
ComputerScience,pap2067
Medicine,pap2067
Database,pap2067
ComputerScience,pap2068
Psychology,pap2068
Database,pap2068
ComputerScience,pap2069
Medicine,pap2069
Database,pap2069
ComputerScience,pap2070
Database,pap2070
Medicine,pap2071
Biology,pap2071
ComputerScience,pap2071
Database,pap2071
Database,pap2072
Medicine,pap2073
ComputerScience,pap2073
Biology,pap2073
Database,pap2073
ComputerScience,pap2074
Medicine,pap2074
Biology,pap2074
Database,pap2074
ComputerScience,pap2075
Medicine,pap2075
Database,pap2075
ComputerScience,pap2076
Database,pap2076
Medicine,pap2077
Biology,pap2077
ComputerScience,pap2077
Database,pap2077
ComputerScience,pap2078
Biology,pap2078
Medicine,pap2078
Database,pap2078
Biology,pap2079
ComputerScience,pap2079
Medicine,pap2079
Database,pap2079
ComputerScience,pap2080
Medicine,pap2080
Database,pap2080
ComputerScience,pap2081
Medicine,pap2081
Database,pap2081
Biology,pap2082
Medicine,pap2082
Database,pap2082
Economics,pap2083
Database,pap2083
ComputerScience,pap2084
Database,pap2084
ComputerScience,pap2085
Biology,pap2085
Medicine,pap2085
Database,pap2085
ComputerScience,pap2086
Database,pap2086
Chemistry,pap2087
Medicine,pap2087
Database,pap2087
Biology,pap2088
ComputerScience,pap2088
Medicine,pap2088
Database,pap2088
Database,pap2089
ComputerScience,pap2090
Database,pap2090
Biology,pap2091
ComputerScience,pap2091
Medicine,pap2091
Database,pap2091
ComputerScience,pap2092
Medicine,pap2092
Database,pap2092
Medicine,pap2093
Biology,pap2093
ComputerScience,pap2093
Database,pap2093
Medicine,pap2094
Database,pap2094
ComputerScience,pap2095
Medicine,pap2095
Biology,pap2095
Database,pap2095
Biology,pap2096
Medicine,pap2096
Database,pap2096
Biology,pap2097
ComputerScience,pap2097
Medicine,pap2097
Database,pap2097
ComputerScience,pap2098
Medicine,pap2098
Database,pap2098
ComputerScience,pap2099
Database,pap2099
ComputerScience,pap2100
Database,pap2100
Medicine,pap2101
Biology,pap2101
Database,pap2101
Medicine,pap2102
ComputerScience,pap2102
Biology,pap2102
Database,pap2102
Economics,pap2103
Database,pap2103
Medicine,pap2104
ComputerScience,pap2104
Database,pap2104
Business,pap2105
Database,pap2105
Biology,pap2106
Medicine,pap2106
Database,pap2106
Database,pap2107
Medicine,pap2108
Biology,pap2108
ComputerScience,pap2108
Database,pap2108
ComputerScience,pap2109
Database,pap2109
Geography,pap2110
Database,pap2110
Medicine,pap2111
ComputerScience,pap2111
Biology,pap2111
Database,pap2111
Medicine,pap2112
Biology,pap2112
ComputerScience,pap2112
Database,pap2112
ComputerScience,pap2113
Biology,pap2113
Medicine,pap2113
Database,pap2113
Engineering,pap2114
Medicine,pap2114
Database,pap2114
Geography,pap2115
Database,pap2115
Business,pap2116
Database,pap2116
ComputerScience,pap2117
Database,pap2117
ComputerScience,pap2118
Biology,pap2118
Medicine,pap2118
Database,pap2118
Medicine,pap2119
Database,pap2119
ComputerScience,pap2120
Database,pap2120
ComputerScience,pap2121
Database,pap2121
Physics,pap2122
Database,pap2122
Psychology,pap2123
Database,pap2123
EnvironmentalScience,pap2124
Database,pap2124
ComputerScience,pap2125
PoliticalScience,pap2125
Medicine,pap2125
Database,pap2125
ComputerScience,pap2126
Biology,pap2126
Medicine,pap2126
Database,pap2126
Medicine,pap2127
Biology,pap2127
ComputerScience,pap2127
Database,pap2127
Medicine,pap2128
Database,pap2128
ComputerScience,pap2129
Database,pap2129
Medicine,pap2130
Biology,pap2130
ComputerScience,pap2130
Database,pap2130
Medicine,pap2131
ComputerScience,pap2131
Database,pap2131
ComputerScience,pap2132
Biology,pap2132
Medicine,pap2132
Database,pap2132
ComputerScience,pap2133
Medicine,pap2133
Database,pap2133
Medicine,pap2134
Database,pap2134
Biology,pap2135
ComputerScience,pap2135
Medicine,pap2135
Database,pap2135
Biology,pap2136
Medicine,pap2136
Database,pap2136
ComputerScience,pap2137
Medicine,pap2137
Database,pap2137
Biology,pap2138
Database,pap2138
ComputerScience,pap2139
Database,pap2139
Biology,pap2140
Medicine,pap2140
Database,pap2140
Medicine,pap2141
Biology,pap2141
Database,pap2141
Biology,pap2142
Database,pap2142
ComputerScience,pap2143
Database,pap2143
Biology,pap2144
Medicine,pap2144
ComputerScience,pap2144
Database,pap2144
ComputerScience,pap2145
Database,pap2145
ComputerScience,pap2146
Database,pap2146
ComputerScience,pap2147
Biology,pap2147
Medicine,pap2147
Database,pap2147
ComputerScience,pap2148
Medicine,pap2148
Database,pap2148
ComputerScience,pap2149
Medicine,pap2149
Biology,pap2149
Database,pap2149
Medicine,pap2150
Biology,pap2150
ComputerScience,pap2150
Database,pap2150
Medicine,pap2151
Biology,pap2151
ComputerScience,pap2151
Database,pap2151
ComputerScience,pap2152
Biology,pap2152
Medicine,pap2152
Database,pap2152
Biology,pap2153
Database,pap2153
ComputerScience,pap2154
Medicine,pap2154
Biology,pap2154
Database,pap2154
Medicine,pap2155
Chemistry,pap2155
Database,pap2155
Biology,pap2156
Medicine,pap2156
Database,pap2156
Medicine,pap2157
ComputerScience,pap2157
Database,pap2157
ComputerScience,pap2158
Medicine,pap2158
Database,pap2158
Physics,pap2159
Database,pap2159
Medicine,pap2160
Biology,pap2160
ComputerScience,pap2160
Database,pap2160
Biology,pap2161
ComputerScience,pap2161
Medicine,pap2161
Database,pap2161
ComputerScience,pap2162
Medicine,pap2162
Database,pap2162
Geography,pap2163
Database,pap2163
ComputerScience,pap2164
Biology,pap2164
Medicine,pap2164
Database,pap2164
Physics,pap2165
Database,pap2165
MaterialsScience,pap2166
Database,pap2166
Geology,pap2167
Database,pap2167
ComputerScience,pap2168
Database,pap2168
ComputerScience,pap2169
Medicine,pap2169
Database,pap2169
Geography,pap2170
Database,pap2170
Psychology,pap2171
ComputerScience,pap2171
Database,pap2171
Chemistry,pap2172
Database,pap2172
ComputerScience,pap2173
Biology,pap2173
Medicine,pap2173
Database,pap2173
EnvironmentalScience,pap2174
Database,pap2174
Biology,pap2175
Database,pap2175
Biology,pap2176
Medicine,pap2176
ComputerScience,pap2176
Database,pap2176
Physics,pap2177
Database,pap2177
Medicine,pap2178
Database,pap2178
MaterialsScience,pap2179
Database,pap2179
Database,pap2180
ComputerScience,pap2181
Medicine,pap2181
Biology,pap2181
Database,pap2181
Biology,pap2182
Medicine,pap2182
Database,pap2182
Geology,pap2183
Database,pap2183
Medicine,pap2184
ComputerScience,pap2184
Database,pap2184
Biology,pap2185
Medicine,pap2185
ComputerScience,pap2185
Database,pap2185
Business,pap2186
Database,pap2186
Medicine,pap2187
ComputerScience,pap2187
Biology,pap2187
Database,pap2187
Medicine,pap2188
Biology,pap2188
ComputerScience,pap2188
Database,pap2188
Biology,pap2189
Medicine,pap2189
ComputerScience,pap2189
Database,pap2189
ComputerScience,pap2190
Medicine,pap2190
Biology,pap2190
Database,pap2190
ComputerScience,pap2191
Database,pap2191
Database,pap2192
Physics,pap2193
Database,pap2193
Medicine,pap2194
Biology,pap2194
ComputerScience,pap2194
Database,pap2194
Medicine,pap2195
Biology,pap2195
Database,pap2195
Chemistry,pap2196
Medicine,pap2196
Database,pap2196
ComputerScience,pap2197
Database,pap2197
ComputerScience,pap2198
Database,pap2198
Biology,pap2199
Medicine,pap2199
ComputerScience,pap2199
Database,pap2199
ComputerScience,pap2200
Database,pap2200
Biology,pap2201
ComputerScience,pap2201
Medicine,pap2201
Database,pap2201
Geography,pap2202
Database,pap2202
ComputerScience,pap2203
Medicine,pap2203
Database,pap2203
Biology,pap2204
Medicine,pap2204
ComputerScience,pap2204
Database,pap2204
MaterialsScience,pap2205
Database,pap2205
ComputerScience,pap2206
Biology,pap2206
Medicine,pap2206
Database,pap2206
ComputerScience,pap2207
Database,pap2207
Medicine,pap2208
ComputerScience,pap2208
Biology,pap2208
Database,pap2208
EnvironmentalScience,pap2209
Database,pap2209
Physics,pap2210
Database,pap2210
ComputerScience,pap2211
Medicine,pap2211
Database,pap2211
Psychology,pap2212
Database,pap2212
Medicine,pap2213
ComputerScience,pap2213
Biology,pap2213
Database,pap2213
ComputerScience,pap2214
Database,pap2214
ComputerScience,pap2215
Psychology,pap2215
Database,pap2215
Business,pap2216
Database,pap2216
Medicine,pap2217
ComputerScience,pap2217
Biology,pap2217
Database,pap2217
ComputerScience,pap2218
Medicine,pap2218
Biology,pap2218
Database,pap2218
Biology,pap2219
ComputerScience,pap2219
Medicine,pap2219
Database,pap2219
Biology,pap2220
Medicine,pap2220
Database,pap2220
Biology,pap2221
Medicine,pap2221
ComputerScience,pap2221
Database,pap2221
Biology,pap2222
Medicine,pap2222
ComputerScience,pap2222
Database,pap2222
ComputerScience,pap2223
Biology,pap2223
Medicine,pap2223
Database,pap2223
ComputerScience,pap2224
Database,pap2224
ComputerScience,pap2225
Database,pap2225
Business,pap2226
Database,pap2226
ComputerScience,pap2227
Medicine,pap2227
Database,pap2227
ComputerScience,pap2228
Medicine,pap2228
Biology,pap2228
Database,pap2228
ComputerScience,pap2229
Database,pap2229
Medicine,pap2230
Biology,pap2230
Database,pap2230
Biology,pap2231
ComputerScience,pap2231
Medicine,pap2231
Database,pap2231
Biology,pap2232
ComputerScience,pap2232
Medicine,pap2232
Database,pap2232
ComputerScience,pap2233
Database,pap2233
Chemistry,pap2234
Medicine,pap2234
Database,pap2234
Physics,pap2235
Database,pap2235
ComputerScience,pap2236
Biology,pap2236
Medicine,pap2236
Database,pap2236
ComputerScience,pap2237
Database,pap2237
Database,pap2238
EnvironmentalScience,pap2239
Database,pap2239
ComputerScience,pap2240
Database,pap2240
Medicine,pap2241
Biology,pap2241
Database,pap2241
ComputerScience,pap2242
Database,pap2242
ComputerScience,pap2243
Medicine,pap2243
Biology,pap2243
Database,pap2243
ComputerScience,pap2244
Medicine,pap2244
Database,pap2244
Medicine,pap2245
Database,pap2245
ComputerScience,pap2246
Database,pap2246
ComputerScience,pap2247
Biology,pap2247
Medicine,pap2247
Database,pap2247
Biology,pap2248
Medicine,pap2248
ComputerScience,pap2248
Database,pap2248
ComputerScience,pap2249
Database,pap2249
ComputerScience,pap2250
Database,pap2250
Economics,pap2251
Database,pap2251
ComputerScience,pap2252
Database,pap2252
Medicine,pap2253
ComputerScience,pap2253
Biology,pap2253
Database,pap2253
Biology,pap2254
Medicine,pap2254
ComputerScience,pap2254
Database,pap2254
Biology,pap2255
ComputerScience,pap2255
Medicine,pap2255
Database,pap2255
ComputerScience,pap2256
Medicine,pap2256
Database,pap2256
Biology,pap2257
Database,pap2257
ComputerScience,pap2258
Database,pap2258
Geography,pap2259
Database,pap2259
EnvironmentalScience,pap2260
Database,pap2260
Medicine,pap2261
ComputerScience,pap2261
Database,pap2261
ComputerScience,pap2262
Database,pap2262
Biology,pap2263
ComputerScience,pap2263
Medicine,pap2263
Database,pap2263
Biology,pap2264
Medicine,pap2264
Database,pap2264
ComputerScience,pap2265
Medicine,pap2265
Biology,pap2265
Database,pap2265
Medicine,pap2266
Database,pap2266
ComputerScience,pap2267
Database,pap2267
ComputerScience,pap2268
Database,pap2268
Medicine,pap2269
Biology,pap2269
Database,pap2269
Medicine,pap2270
ComputerScience,pap2270
Database,pap2270
Biology,pap2271
ComputerScience,pap2271
Medicine,pap2271
Database,pap2271
Biology,pap2272
Medicine,pap2272
Database,pap2272
Biology,pap2273
Medicine,pap2273
Database,pap2273
Medicine,pap2274
ComputerScience,pap2274
Biology,pap2274
Database,pap2274
Biology,pap2275
Medicine,pap2275
Database,pap2275
ComputerScience,pap2276
Medicine,pap2276
Database,pap2276
Medicine,pap2277
ComputerScience,pap2277
Biology,pap2277
Database,pap2277
ComputerScience,pap2278
Medicine,pap2278
Biology,pap2278
Database,pap2278
ComputerScience,pap2279
Database,pap2279
MaterialsScience,pap2280
Database,pap2280
Medicine,pap2281
ComputerScience,pap2281
Database,pap2281
ComputerScience,pap2282
Database,pap2282
Business,pap2283
Economics,pap2283
Database,pap2283
Biology,pap2284
ComputerScience,pap2284
Medicine,pap2284
Database,pap2284
Medicine,pap2285
Biology,pap2285
ComputerScience,pap2285
Database,pap2285
ComputerScience,pap2286
Medicine,pap2286
Biology,pap2286
Database,pap2286
Physics,pap2287
Database,pap2287
ComputerScience,pap2288
Database,pap2288
ComputerScience,pap2289
Database,pap2289
Medicine,pap2290
Psychology,pap2290
Database,pap2290
ComputerScience,pap2291
Database,pap2291
ComputerScience,pap2292
Medicine,pap2292
Biology,pap2292
Database,pap2292
ComputerScience,pap2293
Database,pap2293
Biology,pap2294
ComputerScience,pap2294
Medicine,pap2294
Database,pap2294
ComputerScience,pap2295
Database,pap2295
Economics,pap2296
Database,pap2296
ComputerScience,pap2297
Database,pap2297
ComputerScience,pap2298
Medicine,pap2298
Biology,pap2298
Database,pap2298
ComputerScience,pap2299
Medicine,pap2299
Biology,pap2299
Database,pap2299
ComputerScience,pap2300
Medicine,pap2300
Biology,pap2300
Database,pap2300
Medicine,pap2301
ComputerScience,pap2301
Biology,pap2301
Database,pap2301
ComputerScience,pap2302
Database,pap2302
Biology,pap2303
ComputerScience,pap2303
Medicine,pap2303
Database,pap2303
Chemistry,pap2304
Database,pap2304
ComputerScience,pap2305
Database,pap2305
Engineering,pap2306
ComputerScience,pap2306
Database,pap2306
ComputerScience,pap2307
Biology,pap2307
Medicine,pap2307
Database,pap2307
ComputerScience,pap2308
Database,pap2308
Medicine,pap2309
Biology,pap2309
Database,pap2309
ComputerScience,pap2310
Medicine,pap2310
Database,pap2310
Biology,pap2311
Medicine,pap2311
ComputerScience,pap2311
Database,pap2311
ComputerScience,pap2312
Medicine,pap2312
Biology,pap2312
Database,pap2312
Economics,pap2313
Database,pap2313
ComputerScience,pap2314
Medicine,pap2314
Biology,pap2314
Database,pap2314
ComputerScience,pap2315
Database,pap2315
ComputerScience,pap2316
Database,pap2316
Biology,pap2317
Medicine,pap2317
Database,pap2317
ComputerScience,pap2318
Database,pap2318
ComputerScience,pap2319
Database,pap2319
ComputerScience,pap2320
Database,pap2320
ComputerScience,pap2321
Biology,pap2321
Medicine,pap2321
Database,pap2321
Medicine,pap2322
ComputerScience,pap2322
Biology,pap2322
Database,pap2322
Medicine,pap2323
ComputerScience,pap2323
Database,pap2323
ComputerScience,pap2324
Database,pap2324
Medicine,pap2325
ComputerScience,pap2325
Biology,pap2325
Database,pap2325
ComputerScience,pap2326
Medicine,pap2326
Database,pap2326
ComputerScience,pap2327
Biology,pap2327
Medicine,pap2327
Database,pap2327
ComputerScience,pap2328
Database,pap2328
Biology,pap2329
Medicine,pap2329
Database,pap2329
ComputerScience,pap2330
Biology,pap2330
Medicine,pap2330
Database,pap2330
Biology,pap2331
ComputerScience,pap2331
Medicine,pap2331
Database,pap2331
Medicine,pap2332
Biology,pap2332
Database,pap2332
ComputerScience,pap2333
Business,pap2333
Database,pap2333
ComputerScience,pap2334
Medicine,pap2334
Biology,pap2334
Database,pap2334
Medicine,pap2335
Biology,pap2335
ComputerScience,pap2335
Database,pap2335
Physics,pap2336
Database,pap2336
ComputerScience,pap2337
Biology,pap2337
Medicine,pap2337
Database,pap2337
Biology,pap2338
Medicine,pap2338
ComputerScience,pap2338
Database,pap2338
Business,pap2339
Database,pap2339
ComputerScience,pap2340
Database,pap2340
Chemistry,pap2341
Medicine,pap2341
Database,pap2341
ComputerScience,pap2342
Medicine,pap2342
Biology,pap2342
Database,pap2342
ComputerScience,pap2343
Medicine,pap2343
Biology,pap2343
Database,pap2343
Chemistry,pap2344
Database,pap2344
ComputerScience,pap2345
Database,pap2345
ComputerScience,pap2346
Database,pap2346
ComputerScience,pap2347
Biology,pap2347
Medicine,pap2347
Database,pap2347
Biology,pap2348
Medicine,pap2348
Database,pap2348
ComputerScience,pap2349
Database,pap2349
ComputerScience,pap2350
Database,pap2350
ComputerScience,pap2351
Database,pap2351
Biology,pap2352
Medicine,pap2352
ComputerScience,pap2352
Database,pap2352
ComputerScience,pap2353
Database,pap2353
Biology,pap2354
Medicine,pap2354
ComputerScience,pap2354
Database,pap2354
ComputerScience,pap2355
Database,pap2355
Mathematics,pap2356
ComputerScience,pap2356
Database,pap2356
Psychology,pap2357
ComputerScience,pap2357
Database,pap2357
Physics,pap2358
Database,pap2358
ComputerScience,pap2359
Biology,pap2359
Medicine,pap2359
Database,pap2359
Biology,pap2360
Medicine,pap2360
ComputerScience,pap2360
Database,pap2360
Biology,pap2361
Medicine,pap2361
ComputerScience,pap2361
Database,pap2361
ComputerScience,pap2362
Database,pap2362
Medicine,pap2363
Database,pap2363
Psychology,pap2364
Medicine,pap2364
Database,pap2364
Biology,pap2365
Medicine,pap2365
Database,pap2365
ComputerScience,pap2366
Database,pap2366
ComputerScience,pap2367
Medicine,pap2367
Biology,pap2367
Database,pap2367
Medicine,pap2368
ComputerScience,pap2368
Biology,pap2368
Database,pap2368
Biology,pap2369
Medicine,pap2369
ComputerScience,pap2369
Database,pap2369
Biology,pap2370
Medicine,pap2370
ComputerScience,pap2370
Database,pap2370
Biology,pap2371
Medicine,pap2371
ComputerScience,pap2371
Database,pap2371
Mathematics,pap2372
ComputerScience,pap2372
Database,pap2372
ComputerScience,pap2373
Biology,pap2373
Medicine,pap2373
Database,pap2373
ComputerScience,pap2374
Biology,pap2374
Medicine,pap2374
Database,pap2374
ComputerScience,pap2375
Database,pap2375
Medicine,pap2376
ComputerScience,pap2376
Database,pap2376
Medicine,pap2377
Database,pap2377
Medicine,pap2378
ComputerScience,pap2378
Database,pap2378
Biology,pap2379
ComputerScience,pap2379
Medicine,pap2379
Database,pap2379
Economics,pap2380
Database,pap2380
Biology,pap2381
Medicine,pap2381
ComputerScience,pap2381
Database,pap2381
Physics,pap2382
Chemistry,pap2382
Database,pap2382
PoliticalScience,pap2383
Database,pap2383
Chemistry,pap2384
Database,pap2384
Physics,pap2385
Database,pap2385
ComputerScience,pap2386
Database,pap2386
ComputerScience,pap2387
Medicine,pap2387
Database,pap2387
Physics,pap2388
Database,pap2388
Physics,pap2389
Database,pap2389
ComputerScience,pap2390
Engineering,pap2390
Database,pap2390
ComputerScience,pap2391
Medicine,pap2391
Database,pap2391
EnvironmentalScience,pap2392
Database,pap2392
Biology,pap2393
ComputerScience,pap2393
Medicine,pap2393
Database,pap2393
ComputerScience,pap2394
Database,pap2394
Medicine,pap2395
Database,pap2395
Engineering,pap2396
Database,pap2396
Biology,pap2397
Medicine,pap2397
ComputerScience,pap2397
Database,pap2397
Medicine,pap2398
Biology,pap2398
ComputerScience,pap2398
Database,pap2398
ComputerScience,pap2399
Medicine,pap2399
Biology,pap2399
Database,pap2399
Physics,pap2400
MaterialsScience,pap2400
ComputerScience,pap2400
Database,pap2400
Medicine,pap2401
ComputerScience,pap2401
Biology,pap2401
Database,pap2401
ComputerScience,pap2402
Biology,pap2402
Medicine,pap2402
Database,pap2402
Medicine,pap2403
Database,pap2403
ComputerScience,pap2404
Medicine,pap2404
Database,pap2404
ComputerScience,pap2405
Database,pap2405
ComputerScience,pap2406
Database,pap2406
Database,pap2407
EnvironmentalScience,pap2408
Database,pap2408
Medicine,pap2409
ComputerScience,pap2409
Biology,pap2409
Database,pap2409
Medicine,pap2410
ComputerScience,pap2410
Biology,pap2410
Database,pap2410
MaterialsScience,pap2411
Database,pap2411
MaterialsScience,pap2412
Database,pap2412
Biology,pap2413
ComputerScience,pap2413
Medicine,pap2413
Database,pap2413
ComputerScience,pap2414
Database,pap2414
ComputerScience,pap2415
Database,pap2415
ComputerScience,pap2416
Medicine,pap2416
Biology,pap2416
Database,pap2416
Medicine,pap2417
Database,pap2417
Geography,pap2418
Database,pap2418
ComputerScience,pap2419
Medicine,pap2419
Biology,pap2419
Database,pap2419
ComputerScience,pap2420
Database,pap2420
ComputerScience,pap2421
Medicine,pap2421
Database,pap2421
ComputerScience,pap2422
Database,pap2422
Mathematics,pap2423
Database,pap2423
Biology,pap2424
Medicine,pap2424
Database,pap2424
Medicine,pap2425
Biology,pap2425
ComputerScience,pap2425
Database,pap2425
ComputerScience,pap2426
Database,pap2426
ComputerScience,pap2427
Database,pap2427
EnvironmentalScience,pap2428
Database,pap2428
Physics,pap2429
Chemistry,pap2429
Database,pap2429
Engineering,pap2430
ComputerScience,pap2430
Database,pap2430
Business,pap2431
Database,pap2431
Biology,pap2432
Medicine,pap2432
ComputerScience,pap2432
Database,pap2432
Medicine,pap2433
Biology,pap2433
ComputerScience,pap2433
Database,pap2433
Biology,pap2434
Medicine,pap2434
ComputerScience,pap2434
Database,pap2434
ComputerScience,pap2435
Database,pap2435
Medicine,pap2436
ComputerScience,pap2436
Biology,pap2436
Database,pap2436
ComputerScience,pap2437
Database,pap2437
Biology,pap2438
ComputerScience,pap2438
Medicine,pap2438
Database,pap2438
Biology,pap2439
Medicine,pap2439
Database,pap2439
ComputerScience,pap2440
Biology,pap2440
Medicine,pap2440
Database,pap2440
Chemistry,pap2441
Database,pap2441
ComputerScience,pap2442
Medicine,pap2442
Biology,pap2442
Database,pap2442
Biology,pap2443
Medicine,pap2443
ComputerScience,pap2443
Database,pap2443
Biology,pap2444
ComputerScience,pap2444
Medicine,pap2444
Database,pap2444
Medicine,pap2445
ComputerScience,pap2445
Biology,pap2445
Database,pap2445
ComputerScience,pap2446
Database,pap2446
ComputerScience,pap2447
Database,pap2447
ComputerScience,pap2448
Database,pap2448
Biology,pap2449
Medicine,pap2449
ComputerScience,pap2449
Database,pap2449
Physics,pap2450
Database,pap2450
Database,pap2451
ComputerScience,pap2452
Database,pap2452
Chemistry,pap2453
ComputerScience,pap2453
Medicine,pap2453
Database,pap2453
ComputerScience,pap2454
Database,pap2454
ComputerScience,pap2455
Database,pap2455
ComputerScience,pap2456
Database,pap2456
Biology,pap2457
Medicine,pap2457
Database,pap2457
Physics,pap2458
Database,pap2458
Biology,pap2459
Medicine,pap2459
Database,pap2459
Business,pap2460
Database,pap2460
Biology,pap2461
Medicine,pap2461
ComputerScience,pap2461
Database,pap2461
Medicine,pap2462
Database,pap2462
ComputerScience,pap2463
Medicine,pap2463
Database,pap2463
ComputerScience,pap2464
Database,pap2464
Chemistry,pap2465
Medicine,pap2465
Database,pap2465
Chemistry,pap2466
Database,pap2466
ComputerScience,pap2467
Database,pap2467
Medicine,pap2468
Biology,pap2468
Database,pap2468
Medicine,pap2469
EnvironmentalScience,pap2469
Database,pap2469
Biology,pap2470
Medicine,pap2470
ComputerScience,pap2470
Database,pap2470
Geography,pap2471
Chemistry,pap2471
EnvironmentalScience,pap2471
Database,pap2471
Database,pap2472
ComputerScience,pap2473
Database,pap2473
ComputerScience,pap2474
Database,pap2474
Biology,pap2475
Medicine,pap2475
Database,pap2475
Economics,pap2476
Database,pap2476
Medicine,pap2477
ComputerScience,pap2477
Biology,pap2477
Database,pap2477
ComputerScience,pap2478
Database,pap2478
ComputerScience,pap2479
Database,pap2479
Biology,pap2480
Medicine,pap2480
Database,pap2480
Medicine,pap2481
ComputerScience,pap2481
Database,pap2481
ComputerScience,pap2482
Database,pap2482
ComputerScience,pap2483
Database,pap2483
Biology,pap2484
ComputerScience,pap2484
Medicine,pap2484
Database,pap2484
ComputerScience,pap2485
Database,pap2485
Database,pap2486
ComputerScience,pap2487
Database,pap2487
ComputerScience,pap2488
Database,pap2488
Geology,pap2489
Database,pap2489
ComputerScience,pap2490
Database,pap2490
Mathematics,pap2491
ComputerScience,pap2491
Database,pap2491
ComputerScience,pap2492
Database,pap2492
ComputerScience,pap2493
Medicine,pap2493
Database,pap2493
ComputerScience,pap2494
Database,pap2494
ComputerScience,pap2495
Database,pap2495
ComputerScience,pap2496
Database,pap2496
Biology,pap2497
Database,pap2497
Biology,pap2498
Medicine,pap2498
ComputerScience,pap2498
Database,pap2498
ComputerScience,pap2499
Medicine,pap2499
Biology,pap2499
Database,pap2499
