proceedingId,proceedingName,proceedingYear
pro0,proceeding0,2019
pro1,proceeding1,2002
pro2,proceeding2,2014
pro3,proceeding3,2016
pro4,proceeding4,2019
pro5,proceeding5,2001
pro6,proceeding6,2007
pro7,proceeding7,2015
pro8,proceeding8,2016
pro9,proceeding9,2009
pro10,proceeding10,2021
pro11,proceeding11,2006
pro12,proceeding12,2002
pro13,proceeding13,2017
pro14,proceeding14,2016
pro15,proceeding15,2011
pro16,proceeding16,2003
pro17,proceeding17,2008
pro18,proceeding18,2012
pro19,proceeding19,2002
pro20,proceeding20,2014
pro21,proceeding21,2005
pro22,proceeding22,2020
pro23,proceeding23,2012
pro24,proceeding24,2013
pro25,proceeding25,2014
pro26,proceeding26,2010
pro27,proceeding27,2022
pro28,proceeding28,2009
pro29,proceeding29,2015
pro30,proceeding30,2006
pro31,proceeding31,2022
pro32,proceeding32,2010
pro33,proceeding33,2022
pro34,proceeding34,2012
pro35,proceeding35,2005
pro36,proceeding36,2015
pro37,proceeding37,2008
pro38,proceeding38,2015
pro39,proceeding39,2020
pro40,proceeding40,2013
pro41,proceeding41,2002
pro42,proceeding42,2019
pro43,proceeding43,2001
pro44,proceeding44,2008
pro45,proceeding45,2005
pro46,proceeding46,2007
pro47,proceeding47,2010
pro48,proceeding48,2018
pro49,proceeding49,2012
pro50,proceeding50,2008
pro51,proceeding51,2011
pro52,proceeding52,2022
pro53,proceeding53,2018
pro54,proceeding54,2015
pro55,proceeding55,2014
pro56,proceeding56,2016
pro57,proceeding57,2003
pro58,proceeding58,2021
pro59,proceeding59,2019
pro60,proceeding60,2011
pro61,proceeding61,2017
pro62,proceeding62,2006
pro63,proceeding63,2008
pro64,proceeding64,2014
pro65,proceeding65,2008
pro66,proceeding66,2002
pro67,proceeding67,2002
pro68,proceeding68,2016
pro69,proceeding69,2010
pro70,proceeding70,2020
pro71,proceeding71,2022
pro72,proceeding72,2003
pro73,proceeding73,2018
pro74,proceeding74,2003
pro75,proceeding75,2005
pro76,proceeding76,2013
pro77,proceeding77,2019
pro78,proceeding78,2012
pro79,proceeding79,2020
pro80,proceeding80,2005
pro81,proceeding81,2004
pro82,proceeding82,2004
pro83,proceeding83,2015
pro84,proceeding84,2006
pro85,proceeding85,2007
pro86,proceeding86,2012
pro87,proceeding87,2014
pro88,proceeding88,2014
pro89,proceeding89,2015
pro90,proceeding90,2008
pro91,proceeding91,2022
pro92,proceeding92,2009
pro93,proceeding93,2005
pro94,proceeding94,2020
pro95,proceeding95,2017
pro96,proceeding96,2006
pro97,proceeding97,2004
pro98,proceeding98,2009
pro99,proceeding99,2015
pro100,proceeding100,2010
pro101,proceeding101,2006
pro102,proceeding102,2022
pro103,proceeding103,2021
pro104,proceeding104,2006
pro105,proceeding105,2006
pro106,proceeding106,2016
pro107,proceeding107,2012
pro108,proceeding108,2011
pro109,proceeding109,2014
pro110,proceeding110,2008
pro111,proceeding111,2001
