conferenceJournalId,proceedingsVolumeIds
jou0,vol0
con77,pro77
con27,pro27
con20,pro20
con0,pro0
con85,pro85
con107,pro107
jou1,vol1
con92,pro92
con26,pro26
jou2,vol2
jou3,vol3
jou4,vol4
jou5,vol5
con9,pro9
jou6,vol6
jou7,vol7
jou6,vol6
con1,pro1
jou8,vol8
jou9,vol9
con4,pro4
con2,pro2
jou10,vol10
con78,pro78
jou11,vol11
jou12,vol12
con18,pro18
con77,pro77
con34,pro34
jou13,vol13
con96,pro96
con41,pro41
jou14,vol14
con32,pro32
con67,pro67
jou15,vol15
con76,pro76
jou16,vol16
jou17,vol17
jou18,vol18
con44,pro44
jou19,vol19
con1,pro1
con83,pro83
jou12,vol12
con108,pro108
con3,pro3
jou20,vol20
con6,pro6
con86,pro86
jou21,vol21
jou3,vol3
con97,pro97
jou22,vol22
con69,pro69
jou23,vol23
jou20,vol20
jou24,vol24
con4,pro4
con17,pro17
jou20,vol20
con97,pro97
jou25,vol25
jou11,vol11
jou26,vol26
con73,pro73
con26,pro26
con1,pro1
con4,pro4
jou27,vol27
jou28,vol28
jou29,vol29
jou30,vol30
con50,pro50
jou31,vol31
jou32,vol32
jou33,vol33
jou34,vol34
jou35,vol35
jou5,vol5
con32,pro32
jou36,vol36
con62,pro62
jou37,vol37
con54,pro54
jou38,vol38
jou39,vol39
jou37,vol37
con73,pro73
con50,pro50
con5,pro5
jou40,vol40
con86,pro86
jou41,vol41
jou16,vol16
jou42,vol42
jou43,vol43
con56,pro56
con45,pro45
jou3,vol3
jou44,vol44
jou11,vol11
con53,pro53
con41,pro41
con6,pro6
con108,pro108
con7,pro7
jou45,vol45
jou46,vol46
con71,pro71
jou47,vol47
con106,pro106
jou12,vol12
con29,pro29
con8,pro8
con40,pro40
jou48,vol48
jou49,vol49
jou22,vol22
con9,pro9
con68,pro68
jou50,vol50
con50,pro50
con5,pro5
con5,pro5
jou51,vol51
con2,pro2
jou52,vol52
jou53,vol53
con96,pro96
con10,pro10
con88,pro88
jou53,vol53
con11,pro11
con62,pro62
jou12,vol12
con59,pro59
con21,pro21
con4,pro4
jou54,vol54
con12,pro12
con57,pro57
jou55,vol55
con96,pro96
jou56,vol56
con30,pro30
con4,pro4
con60,pro60
con13,pro13
con75,pro75
con14,pro14
jou57,vol57
con21,pro21
con9,pro9
con30,pro30
con89,pro89
con5,pro5
con82,pro82
con90,pro90
con83,pro83
con15,pro15
jou58,vol58
jou59,vol59
jou22,vol22
con13,pro13
jou11,vol11
jou58,vol58
con16,pro16
con69,pro69
con94,pro94
jou60,vol60
con82,pro82
con98,pro98
con20,pro20
jou61,vol61
jou62,vol62
con68,pro68
con27,pro27
con77,pro77
con47,pro47
con78,pro78
con17,pro17
jou63,vol63
con105,pro105
con99,pro99
jou64,vol64
con20,pro20
con91,pro91
jou65,vol65
con100,pro100
con18,pro18
con6,pro6
con66,pro66
jou66,vol66
con59,pro59
con30,pro30
con18,pro18
con3,pro3
jou40,vol40
con90,pro90
con85,pro85
con59,pro59
con82,pro82
con9,pro9
con98,pro98
con9,pro9
con99,pro99
con82,pro82
con31,pro31
con63,pro63
con12,pro12
con7,pro7
jou61,vol61
con5,pro5
jou67,vol67
jou68,vol68
con22,pro22
con9,pro9
con5,pro5
con83,pro83
con99,pro99
con86,pro86
con21,pro21
con19,pro19
con17,pro17
jou58,vol58
con78,pro78
con30,pro30
jou69,vol69
con9,pro9
con59,pro59
jou70,vol70
jou71,vol71
jou72,vol72
jou71,vol71
jou73,vol73
jou74,vol74
jou75,vol75
jou12,vol12
con9,pro9
con5,pro5
con14,pro14
con102,pro102
jou76,vol76
con12,pro12
con9,pro9
con104,pro104
con89,pro89
con9,pro9
con5,pro5
jou77,vol77
con98,pro98
con4,pro4
con20,pro20
con111,pro111
con108,pro108
con7,pro7
jou78,vol78
con12,pro12
con61,pro61
con21,pro21
con9,pro9
con106,pro106
jou79,vol79
con56,pro56
con9,pro9
con76,pro76
jou80,vol80
con76,pro76
jou81,vol81
con74,pro74
con26,pro26
jou59,vol59
jou80,vol80
jou80,vol80
con95,pro95
jou82,vol82
jou22,vol22
jou83,vol83
jou84,vol84
jou85,vol85
jou86,vol86
con97,pro97
jou87,vol87
jou88,vol88
con110,pro110
jou89,vol89
con98,pro98
con13,pro13
con25,pro25
jou90,vol90
jou91,vol91
jou92,vol92
jou93,vol93
jou65,vol65
jou94,vol94
jou95,vol95
jou59,vol59
jou47,vol47
con22,pro22
jou96,vol96
jou97,vol97
jou98,vol98
con14,pro14
jou99,vol99
jou100,vol100
con81,pro81
jou101,vol101
jou102,vol102
jou103,vol103
jou104,vol104
jou18,vol18
con23,pro23
con73,pro73
jou105,vol105
con111,pro111
con90,pro90
jou58,vol58
con84,pro84
con47,pro47
jou106,vol106
jou107,vol107
con21,pro21
jou108,vol108
jou59,vol59
con67,pro67
jou79,vol79
jou109,vol109
jou6,vol6
jou29,vol29
con35,pro35
con40,pro40
con24,pro24
jou3,vol3
con64,pro64
jou103,vol103
con69,pro69
jou0,vol0
jou110,vol110
jou111,vol111
con26,pro26
jou112,vol112
con55,pro55
jou113,vol113
con24,pro24
con25,pro25
jou114,vol114
jou115,vol115
con68,pro68
con57,pro57
jou116,vol116
jou63,vol63
jou117,vol117
con105,pro105
jou16,vol16
con59,pro59
con25,pro25
jou118,vol118
con74,pro74
con69,pro69
con94,pro94
jou119,vol119
jou120,vol120
con38,pro38
jou63,vol63
con26,pro26
con84,pro84
jou121,vol121
con57,pro57
jou122,vol122
con98,pro98
con0,pro0
con44,pro44
jou123,vol123
jou124,vol124
jou125,vol125
jou103,vol103
jou126,vol126
jou127,vol127
jou103,vol103
jou109,vol109
con0,pro0
con33,pro33
jou22,vol22
con67,pro67
jou128,vol128
con32,pro32
jou129,vol129
jou65,vol65
jou15,vol15
con13,pro13
con78,pro78
con52,pro52
jou110,vol110
con52,pro52
jou103,vol103
jou7,vol7
con38,pro38
jou130,vol130
con55,pro55
jou130,vol130
con9,pro9
jou131,vol131
jou3,vol3
con38,pro38
jou49,vol49
jou18,vol18
jou18,vol18
con20,pro20
jou132,vol132
con110,pro110
con98,pro98
con44,pro44
jou133,vol133
jou134,vol134
jou135,vol135
con18,pro18
jou103,vol103
jou136,vol136
jou137,vol137
con110,pro110
con14,pro14
jou138,vol138
con8,pro8
con48,pro48
jou6,vol6
con81,pro81
con34,pro34
jou139,vol139
jou133,vol133
jou140,vol140
con23,pro23
jou141,vol141
con30,pro30
con5,pro5
jou58,vol58
con43,pro43
jou142,vol142
jou18,vol18
jou143,vol143
con16,pro16
con106,pro106
con32,pro32
con98,pro98
jou144,vol144
jou145,vol145
con55,pro55
con50,pro50
con66,pro66
con8,pro8
jou103,vol103
con93,pro93
jou88,vol88
con90,pro90
jou16,vol16
con33,pro33
con92,pro92
con101,pro101
jou146,vol146
jou108,vol108
con93,pro93
con27,pro27
con86,pro86
con43,pro43
con28,pro28
con105,pro105
con90,pro90
jou147,vol147
con50,pro50
con31,pro31
jou110,vol110
jou103,vol103
con82,pro82
con1,pro1
con95,pro95
jou148,vol148
con37,pro37
jou103,vol103
jou63,vol63
con110,pro110
jou43,vol43
jou103,vol103
con29,pro29
jou16,vol16
jou103,vol103
con29,pro29
con30,pro30
con108,pro108
jou148,vol148
con38,pro38
con30,pro30
jou149,vol149
jou103,vol103
con2,pro2
jou150,vol150
jou16,vol16
con26,pro26
jou103,vol103
con107,pro107
con2,pro2
jou151,vol151
jou152,vol152
con22,pro22
con24,pro24
con31,pro31
jou153,vol153
jou154,vol154
con2,pro2
con32,pro32
jou155,vol155
jou156,vol156
jou155,vol155
con31,pro31
jou152,vol152
con1,pro1
con15,pro15
jou152,vol152
con33,pro33
con33,pro33
con34,pro34
con33,pro33
con60,pro60
jou156,vol156
con14,pro14
con44,pro44
con2,pro2
jou153,vol153
jou151,vol151
con110,pro110
con35,pro35
con35,pro35
jou152,vol152
con36,pro36
con33,pro33
con103,pro103
jou152,vol152
jou157,vol157
con37,pro37
jou152,vol152
con10,pro10
con38,pro38
con74,pro74
jou156,vol156
con39,pro39
con35,pro35
jou158,vol158
jou152,vol152
con84,pro84
con31,pro31
jou159,vol159
con40,pro40
jou151,vol151
jou160,vol160
jou160,vol160
con2,pro2
con70,pro70
con90,pro90
con100,pro100
con2,pro2
con51,pro51
jou156,vol156
jou156,vol156
con87,pro87
con41,pro41
con2,pro2
jou160,vol160
jou152,vol152
jou160,vol160
con2,pro2
con41,pro41
jou151,vol151
con13,pro13
jou151,vol151
jou160,vol160
con42,pro42
con50,pro50
con42,pro42
jou161,vol161
con52,pro52
con54,pro54
jou152,vol152
jou155,vol155
con109,pro109
con38,pro38
con97,pro97
con43,pro43
con41,pro41
jou152,vol152
con53,pro53
con44,pro44
con45,pro45
jou152,vol152
con75,pro75
con100,pro100
con90,pro90
con108,pro108
jou162,vol162
jou114,vol114
jou156,vol156
jou151,vol151
jou156,vol156
con98,pro98
con6,pro6
jou155,vol155
con93,pro93
con45,pro45
con42,pro42
jou88,vol88
jou151,vol151
con0,pro0
con64,pro64
jou163,vol163
con76,pro76
con107,pro107
jou164,vol164
con46,pro46
jou152,vol152
con2,pro2
jou152,vol152
con13,pro13
jou160,vol160
con55,pro55
con31,pro31
jou155,vol155
con69,pro69
con73,pro73
con2,pro2
jou155,vol155
con65,pro65
con6,pro6
jou151,vol151
jou155,vol155
jou158,vol158
con2,pro2
con77,pro77
con2,pro2
con55,pro55
jou152,vol152
con15,pro15
jou165,vol165
jou166,vol166
con2,pro2
con2,pro2
con2,pro2
con47,pro47
jou152,vol152
jou158,vol158
con63,pro63
con73,pro73
con32,pro32
con48,pro48
con20,pro20
con49,pro49
con49,pro49
con102,pro102
con50,pro50
jou155,vol155
jou156,vol156
con9,pro9
jou155,vol155
jou155,vol155
jou152,vol152
jou151,vol151
jou156,vol156
jou49,vol49
con51,pro51
con33,pro33
jou155,vol155
con14,pro14
con17,pro17
con89,pro89
con91,pro91
con85,pro85
con34,pro34
con44,pro44
con38,pro38
jou160,vol160
con38,pro38
jou152,vol152
con31,pro31
con110,pro110
jou152,vol152
jou167,vol167
con77,pro77
jou160,vol160
jou168,vol168
con68,pro68
con101,pro101
con39,pro39
con31,pro31
jou155,vol155
jou156,vol156
jou151,vol151
con52,pro52
con85,pro85
con12,pro12
con55,pro55
con37,pro37
jou160,vol160
con54,pro54
con42,pro42
con31,pro31
con96,pro96
con33,pro33
con27,pro27
con53,pro53
jou152,vol152
con2,pro2
con48,pro48
jou155,vol155
con8,pro8
jou155,vol155
jou160,vol160
jou152,vol152
con78,pro78
con55,pro55
jou156,vol156
con54,pro54
con55,pro55
jou152,vol152
jou152,vol152
con15,pro15
con15,pro15
con59,pro59
con56,pro56
con62,pro62
jou160,vol160
con31,pro31
con38,pro38
con41,pro41
con42,pro42
jou157,vol157
con101,pro101
jou151,vol151
jou152,vol152
con18,pro18
con57,pro57
con73,pro73
con5,pro5
con2,pro2
con67,pro67
con88,pro88
con61,pro61
jou169,vol169
con81,pro81
con33,pro33
jou155,vol155
con55,pro55
con94,pro94
con33,pro33
con19,pro19
con16,pro16
jou170,vol170
con50,pro50
jou152,vol152
con38,pro38
jou171,vol171
jou172,vol172
jou68,vol68
con100,pro100
con7,pro7
con38,pro38
jou155,vol155
jou3,vol3
con38,pro38
jou151,vol151
jou160,vol160
con108,pro108
jou160,vol160
jou155,vol155
jou168,vol168
jou173,vol173
con58,pro58
con73,pro73
con46,pro46
jou160,vol160
con104,pro104
con59,pro59
con106,pro106
con110,pro110
con73,pro73
jou152,vol152
con38,pro38
con60,pro60
con58,pro58
con61,pro61
con69,pro69
con91,pro91
con2,pro2
jou152,vol152
jou151,vol151
con47,pro47
con49,pro49
jou163,vol163
con60,pro60
con1,pro1
con72,pro72
con2,pro2
con37,pro37
con62,pro62
con19,pro19
con64,pro64
con105,pro105
con108,pro108
jou151,vol151
con63,pro63
jou155,vol155
jou35,vol35
con102,pro102
con85,pro85
con34,pro34
con22,pro22
jou156,vol156
jou152,vol152
con77,pro77
con40,pro40
con40,pro40
jou160,vol160
con2,pro2
con2,pro2
con26,pro26
con64,pro64
con64,pro64
con101,pro101
con65,pro65
con79,pro79
jou160,vol160
con16,pro16
con9,pro9
con25,pro25
con11,pro11
jou174,vol174
con60,pro60
con42,pro42
con2,pro2
con41,pro41
con2,pro2
con2,pro2
con96,pro96
con56,pro56
con43,pro43
con2,pro2
con15,pro15
con46,pro46
con90,pro90
con66,pro66
jou175,vol175
con67,pro67
con110,pro110
con2,pro2
con20,pro20
con91,pro91
con68,pro68
con12,pro12
jou160,vol160
con87,pro87
con68,pro68
con4,pro4
con105,pro105
con66,pro66
jou176,vol176
con84,pro84
jou177,vol177
con69,pro69
con108,pro108
con93,pro93
jou178,vol178
con72,pro72
con33,pro33
con11,pro11
jou11,vol11
con46,pro46
con77,pro77
con2,pro2
con76,pro76
con92,pro92
con39,pro39
con72,pro72
con46,pro46
con2,pro2
jou171,vol171
con19,pro19
jou160,vol160
con2,pro2
con17,pro17
con98,pro98
con58,pro58
con10,pro10
jou160,vol160
con82,pro82
con101,pro101
jou171,vol171
con37,pro37
jou179,vol179
con92,pro92
con70,pro70
jou151,vol151
con33,pro33
con58,pro58
con103,pro103
con55,pro55
con105,pro105
con100,pro100
con71,pro71
con8,pro8
con11,pro11
con65,pro65
jou152,vol152
con45,pro45
jou166,vol166
con62,pro62
jou152,vol152
con56,pro56
con45,pro45
con51,pro51
con110,pro110
con82,pro82
jou171,vol171
con20,pro20
con47,pro47
con79,pro79
jou160,vol160
jou3,vol3
jou180,vol180
jou160,vol160
con29,pro29
jou160,vol160
con104,pro104
con89,pro89
con5,pro5
con104,pro104
con104,pro104
jou181,vol181
con108,pro108
con27,pro27
con48,pro48
jou158,vol158
con100,pro100
con4,pro4
jou151,vol151
con72,pro72
jou160,vol160
con12,pro12
con6,pro6
con90,pro90
con26,pro26
con75,pro75
con43,pro43
con62,pro62
con52,pro52
jou181,vol181
con57,pro57
con2,pro2
con108,pro108
con91,pro91
con1,pro1
con58,pro58
con53,pro53
con1,pro1
con9,pro9
con96,pro96
con35,pro35
con48,pro48
con3,pro3
con94,pro94
con96,pro96
con29,pro29
jou181,vol181
con89,pro89
con68,pro68
con2,pro2
con54,pro54
con55,pro55
con23,pro23
con2,pro2
jou171,vol171
jou181,vol181
con66,pro66
jou181,vol181
con75,pro75
con95,pro95
con4,pro4
con89,pro89
con65,pro65
con2,pro2
con2,pro2
jou160,vol160
jou182,vol182
jou160,vol160
con2,pro2
con24,pro24
con2,pro2
con100,pro100
con110,pro110
con43,pro43
con104,pro104
con52,pro52
con92,pro92
con46,pro46
jou183,vol183
con51,pro51
jou5,vol5
jou106,vol106
con82,pro82
con69,pro69
con60,pro60
con23,pro23
jou0,vol0
con66,pro66
con9,pro9
jou184,vol184
con11,pro11
con13,pro13
jou0,vol0
con5,pro5
con28,pro28
con107,pro107
con92,pro92
con72,pro72
con74,pro74
con107,pro107
jou106,vol106
con0,pro0
jou75,vol75
con108,pro108
con107,pro107
jou185,vol185
con96,pro96
jou186,vol186
jou187,vol187
con7,pro7
con97,pro97
jou147,vol147
con52,pro52
con66,pro66
con40,pro40
jou188,vol188
con73,pro73
con93,pro93
con35,pro35
con87,pro87
con110,pro110
jou88,vol88
con89,pro89
jou189,vol189
jou190,vol190
con58,pro58
jou49,vol49
con78,pro78
con85,pro85
jou191,vol191
jou75,vol75
jou192,vol192
jou193,vol193
con15,pro15
con65,pro65
con42,pro42
con73,pro73
con99,pro99
con8,pro8
con96,pro96
jou194,vol194
jou195,vol195
jou196,vol196
jou197,vol197
jou198,vol198
jou199,vol199
con109,pro109
jou182,vol182
jou200,vol200
jou201,vol201
jou75,vol75
jou81,vol81
jou202,vol202
con68,pro68
jou75,vol75
con21,pro21
con40,pro40
con61,pro61
jou88,vol88
con82,pro82
jou203,vol203
jou204,vol204
jou190,vol190
con57,pro57
jou2,vol2
con57,pro57
con54,pro54
con49,pro49
con73,pro73
con78,pro78
jou88,vol88
con56,pro56
con30,pro30
jou88,vol88
jou205,vol205
jou206,vol206
con103,pro103
jou207,vol207
jou208,vol208
con59,pro59
jou75,vol75
con87,pro87
con35,pro35
con70,pro70
jou81,vol81
jou81,vol81
jou209,vol209
jou187,vol187
jou81,vol81
jou2,vol2
jou81,vol81
jou210,vol210
con19,pro19
con17,pro17
con17,pro17
con3,pro3
con93,pro93
con89,pro89
con45,pro45
con31,pro31
con5,pro5
con1,pro1
con19,pro19
con100,pro100
jou133,vol133
jou211,vol211
con101,pro101
jou212,vol212
con79,pro79
jou81,vol81
con11,pro11
con81,pro81
jou213,vol213
jou214,vol214
con51,pro51
con13,pro13
con57,pro57
jou215,vol215
con22,pro22
jou81,vol81
jou158,vol158
con76,pro76
con5,pro5
con77,pro77
jou216,vol216
con95,pro95
con62,pro62
jou133,vol133
con106,pro106
con4,pro4
con12,pro12
jou217,vol217
con7,pro7
jou218,vol218
jou219,vol219
con69,pro69
con100,pro100
jou81,vol81
con85,pro85
con21,pro21
jou220,vol220
con31,pro31
jou202,vol202
con86,pro86
jou221,vol221
con49,pro49
con42,pro42
con9,pro9
con94,pro94
con97,pro97
con69,pro69
con53,pro53
jou81,vol81
con15,pro15
jou197,vol197
jou81,vol81
jou209,vol209
con26,pro26
con96,pro96
con109,pro109
jou222,vol222
con88,pro88
jou212,vol212
jou81,vol81
jou223,vol223
con61,pro61
con48,pro48
con76,pro76
con77,pro77
con64,pro64
con45,pro45
con59,pro59
jou158,vol158
con110,pro110
con65,pro65
jou168,vol168
jou197,vol197
con111,pro111
con109,pro109
con55,pro55
jou81,vol81
con75,pro75
con75,pro75
jou81,vol81
jou224,vol224
jou225,vol225
con100,pro100
con42,pro42
con63,pro63
con108,pro108
con79,pro79
con106,pro106
con42,pro42
con43,pro43
con70,pro70
con44,pro44
con69,pro69
con80,pro80
con8,pro8
con27,pro27
con17,pro17
con105,pro105
con110,pro110
con37,pro37
con106,pro106
con16,pro16
con107,pro107
con9,pro9
con39,pro39
con41,pro41
con9,pro9
con55,pro55
con17,pro17
con99,pro99
con58,pro58
con48,pro48
con64,pro64
con66,pro66
con71,pro71
con8,pro8
jou226,vol226
con53,pro53
con62,pro62
con30,pro30
con96,pro96
con20,pro20
con69,pro69
con7,pro7
con81,pro81
jou227,vol227
con20,pro20
con30,pro30
con53,pro53
con86,pro86
con89,pro89
con51,pro51
con94,pro94
con50,pro50
con111,pro111
con105,pro105
con103,pro103
con32,pro32
con19,pro19
con57,pro57
con39,pro39
con57,pro57
con52,pro52
con98,pro98
con75,pro75
con6,pro6
con50,pro50
con85,pro85
con5,pro5
jou81,vol81
con48,pro48
con8,pro8
con102,pro102
con84,pro84
con91,pro91
con11,pro11
con74,pro74
jou133,vol133
con3,pro3
con51,pro51
con55,pro55
con70,pro70
jou109,vol109
con10,pro10
jou81,vol81
jou212,vol212
con23,pro23
con50,pro50
con2,pro2
con86,pro86
jou228,vol228
jou229,vol229
con49,pro49
con65,pro65
jou230,vol230
jou231,vol231
jou81,vol81
jou232,vol232
jou9,vol9
con21,pro21
jou233,vol233
jou234,vol234
con100,pro100
con56,pro56
con18,pro18
jou235,vol235
jou81,vol81
jou236,vol236
con88,pro88
con40,pro40
con56,pro56
jou237,vol237
con76,pro76
jou30,vol30
con14,pro14
jou81,vol81
con61,pro61
jou183,vol183
con3,pro3
jou238,vol238
jou235,vol235
jou239,vol239
con82,pro82
con87,pro87
con51,pro51
con47,pro47
jou240,vol240
jou22,vol22
jou241,vol241
jou229,vol229
jou242,vol242
con60,pro60
con67,pro67
jou81,vol81
con58,pro58
con58,pro58
jou243,vol243
con94,pro94
con5,pro5
jou244,vol244
con75,pro75
jou88,vol88
jou81,vol81
con31,pro31
con67,pro67
jou81,vol81
con11,pro11
jou22,vol22
jou81,vol81
jou103,vol103
con56,pro56
con98,pro98
con17,pro17
jou202,vol202
con78,pro78
con25,pro25
con60,pro60
jou0,vol0
con57,pro57
con22,pro22
jou245,vol245
con75,pro75
jou189,vol189
jou88,vol88
con110,pro110
con38,pro38
con39,pro39
jou246,vol246
con62,pro62
con34,pro34
con76,pro76
con80,pro80
con107,pro107
con63,pro63
con39,pro39
jou247,vol247
con21,pro21
jou106,vol106
con105,pro105
con34,pro34
jou248,vol248
con7,pro7
con53,pro53
con41,pro41
con77,pro77
con9,pro9
jou81,vol81
con39,pro39
con53,pro53
con108,pro108
jou7,vol7
con14,pro14
con56,pro56
jou249,vol249
jou250,vol250
jou251,vol251
con14,pro14
con102,pro102
jou252,vol252
jou158,vol158
con97,pro97
con105,pro105
con88,pro88
con30,pro30
con44,pro44
con28,pro28
con68,pro68
con78,pro78
con8,pro8
jou81,vol81
jou63,vol63
con71,pro71
con70,pro70
con58,pro58
con13,pro13
con87,pro87
con40,pro40
jou88,vol88
con25,pro25
con65,pro65
jou88,vol88
con82,pro82
jou147,vol147
con37,pro37
jou88,vol88
con0,pro0
con78,pro78
con16,pro16
jou22,vol22
jou253,vol253
con71,pro71
con103,pro103
con35,pro35
con75,pro75
con96,pro96
jou254,vol254
con106,pro106
jou106,vol106
jou103,vol103
con8,pro8
jou5,vol5
con24,pro24
jou255,vol255
con90,pro90
jou81,vol81
con95,pro95
jou2,vol2
jou187,vol187
con45,pro45
jou256,vol256
jou257,vol257
jou205,vol205
con100,pro100
jou243,vol243
jou258,vol258
con38,pro38
con66,pro66
jou259,vol259
jou260,vol260
con53,pro53
jou81,vol81
con26,pro26
con38,pro38
con5,pro5
jou22,vol22
con54,pro54
con73,pro73
con100,pro100
con107,pro107
con66,pro66
con82,pro82
con103,pro103
jou81,vol81
con73,pro73
con26,pro26
jou81,vol81
jou261,vol261
con50,pro50
jou262,vol262
jou81,vol81
jou103,vol103
con92,pro92
con83,pro83
jou263,vol263
con110,pro110
con2,pro2
jou264,vol264
jou5,vol5
con78,pro78
con102,pro102
jou81,vol81
con1,pro1
con23,pro23
con72,pro72
con97,pro97
con42,pro42
jou265,vol265
con34,pro34
con64,pro64
con84,pro84
jou266,vol266
jou267,vol267
con104,pro104
jou268,vol268
con106,pro106
jou269,vol269
jou270,vol270
jou271,vol271
con4,pro4
jou272,vol272
jou273,vol273
con11,pro11
con65,pro65
con0,pro0
con52,pro52
jou274,vol274
jou88,vol88
jou182,vol182
con50,pro50
con103,pro103
jou267,vol267
jou88,vol88
jou275,vol275
jou276,vol276
con79,pro79
jou277,vol277
con3,pro3
con4,pro4
con7,pro7
con10,pro10
con12,pro12
con42,pro42
con69,pro69
jou278,vol278
con35,pro35
con60,pro60
con68,pro68
con72,pro72
con104,pro104
con68,pro68
con8,pro8
con34,pro34
jou279,vol279
jou280,vol280
con53,pro53
con50,pro50
con15,pro15
jou281,vol281
con100,pro100
con77,pro77
con68,pro68
jou282,vol282
jou283,vol283
con68,pro68
con22,pro22
con16,pro16
con102,pro102
con88,pro88
con75,pro75
con21,pro21
con81,pro81
con20,pro20
con72,pro72
con99,pro99
jou284,vol284
jou285,vol285
con16,pro16
con77,pro77
con80,pro80
con49,pro49
con92,pro92
con78,pro78
con78,pro78
con106,pro106
jou286,vol286
con13,pro13
con63,pro63
con110,pro110
con41,pro41
jou133,vol133
con39,pro39
con11,pro11
jou100,vol100
con81,pro81
jou287,vol287
con73,pro73
con77,pro77
con48,pro48
con82,pro82
jou288,vol288
con80,pro80
con3,pro3
con29,pro29
con46,pro46
jou289,vol289
con41,pro41
con94,pro94
con110,pro110
con3,pro3
con72,pro72
con105,pro105
jou290,vol290
con0,pro0
con100,pro100
con78,pro78
con8,pro8
jou291,vol291
con31,pro31
con15,pro15
jou286,vol286
con73,pro73
con76,pro76
con66,pro66
con65,pro65
con83,pro83
con29,pro29
con46,pro46
con102,pro102
con64,pro64
con88,pro88
con62,pro62
jou292,vol292
con1,pro1
con83,pro83
jou290,vol290
con94,pro94
con63,pro63
con89,pro89
con77,pro77
jou293,vol293
con30,pro30
jou17,vol17
jou102,vol102
jou182,vol182
con85,pro85
con77,pro77
con30,pro30
jou294,vol294
jou295,vol295
con54,pro54
con76,pro76
con44,pro44
con28,pro28
con49,pro49
con77,pro77
jou129,vol129
con65,pro65
con24,pro24
con90,pro90
con66,pro66
jou296,vol296
con49,pro49
con58,pro58
jou297,vol297
con7,pro7
jou298,vol298
con82,pro82
con69,pro69
con60,pro60
con72,pro72
jou299,vol299
jou300,vol300
con78,pro78
jou17,vol17
jou9,vol9
con88,pro88
con59,pro59
con74,pro74
con84,pro84
jou301,vol301
jou302,vol302
con32,pro32
jou133,vol133
con34,pro34
con13,pro13
con110,pro110
jou303,vol303
con101,pro101
con66,pro66
con109,pro109
con108,pro108
con37,pro37
con95,pro95
con48,pro48
con54,pro54
con99,pro99
con61,pro61
jou219,vol219
jou266,vol266
con61,pro61
con57,pro57
con97,pro97
con84,pro84
con89,pro89
con108,pro108
con54,pro54
con3,pro3
con31,pro31
con34,pro34
jou304,vol304
con99,pro99
con22,pro22
con86,pro86
con31,pro31
con54,pro54
con15,pro15
con52,pro52
con76,pro76
con66,pro66
con101,pro101
con80,pro80
con89,pro89
jou219,vol219
jou305,vol305
con56,pro56
con43,pro43
jou306,vol306
con105,pro105
con108,pro108
con86,pro86
jou304,vol304
con45,pro45
con56,pro56
jou304,vol304
con6,pro6
con39,pro39
con14,pro14
con51,pro51
jou290,vol290
con104,pro104
con10,pro10
con37,pro37
con79,pro79
con29,pro29
con61,pro61
con25,pro25
con44,pro44
con21,pro21
con20,pro20
con1,pro1
con34,pro34
jou307,vol307
con77,pro77
con1,pro1
con24,pro24
con101,pro101
con58,pro58
con40,pro40
con42,pro42
con82,pro82
con35,pro35
con48,pro48
con13,pro13
con1,pro1
con41,pro41
con34,pro34
con59,pro59
con88,pro88
con37,pro37
con41,pro41
con34,pro34
jou304,vol304
con53,pro53
jou22,vol22
jou307,vol307
con4,pro4
con51,pro51
con45,pro45
jou308,vol308
con59,pro59
con7,pro7
con78,pro78
con79,pro79
con85,pro85
jou309,vol309
con20,pro20
jou310,vol310
con39,pro39
con32,pro32
con50,pro50
con83,pro83
con1,pro1
con97,pro97
con107,pro107
jou106,vol106
con37,pro37
con39,pro39
jou311,vol311
con3,pro3
jou312,vol312
con88,pro88
con71,pro71
con76,pro76
con57,pro57
jou312,vol312
con66,pro66
con11,pro11
con48,pro48
con43,pro43
con96,pro96
con76,pro76
con49,pro49
con104,pro104
con35,pro35
con46,pro46
con90,pro90
con14,pro14
con4,pro4
con111,pro111
con48,pro48
con88,pro88
con57,pro57
jou311,vol311
con68,pro68
con63,pro63
con24,pro24
con20,pro20
con20,pro20
con92,pro92
con95,pro95
con19,pro19
jou313,vol313
con60,pro60
jou314,vol314
jou266,vol266
con18,pro18
con75,pro75
jou182,vol182
con41,pro41
con56,pro56
con28,pro28
con101,pro101
con45,pro45
con14,pro14
con10,pro10
con71,pro71
con4,pro4
con96,pro96
con84,pro84
con56,pro56
con25,pro25
jou158,vol158
con107,pro107
con106,pro106
jou315,vol315
con34,pro34
jou316,vol316
con80,pro80
jou317,vol317
con73,pro73
con51,pro51
con60,pro60
con11,pro11
jou318,vol318
con23,pro23
con80,pro80
jou319,vol319
con21,pro21
con103,pro103
jou320,vol320
jou100,vol100
con52,pro52
jou321,vol321
con57,pro57
con33,pro33
con109,pro109
con42,pro42
con79,pro79
con23,pro23
con73,pro73
con70,pro70
con85,pro85
con46,pro46
con97,pro97
con96,pro96
con38,pro38
con78,pro78
con111,pro111
con13,pro13
con73,pro73
con18,pro18
jou182,vol182
con70,pro70
con86,pro86
con54,pro54
jou0,vol0
con37,pro37
con39,pro39
con95,pro95
jou182,vol182
con75,pro75
con10,pro10
jou133,vol133
con45,pro45
con82,pro82
con25,pro25
jou94,vol94
jou322,vol322
con22,pro22
con87,pro87
con61,pro61
con6,pro6
con56,pro56
con65,pro65
jou323,vol323
jou324,vol324
con74,pro74
con88,pro88
con93,pro93
jou322,vol322
con5,pro5
jou325,vol325
con65,pro65
con67,pro67
con19,pro19
jou326,vol326
con105,pro105
con104,pro104
jou290,vol290
jou322,vol322
jou327,vol327
jou328,vol328
jou182,vol182
jou329,vol329
jou328,vol328
con91,pro91
jou322,vol322
con84,pro84
con91,pro91
con105,pro105
con45,pro45
jou59,vol59
jou316,vol316
con37,pro37
con100,pro100
jou330,vol330
jou331,vol331
con3,pro3
con50,pro50
jou22,vol22
con60,pro60
con22,pro22
con81,pro81
jou332,vol332
con51,pro51
con35,pro35
con46,pro46
jou22,vol22
con78,pro78
con16,pro16
con37,pro37
jou333,vol333
con7,pro7
con11,pro11
con96,pro96
con103,pro103
con5,pro5
con81,pro81
jou334,vol334
jou335,vol335
con78,pro78
con43,pro43
jou304,vol304
con21,pro21
con92,pro92
jou290,vol290
con89,pro89
jou322,vol322
jou336,vol336
con81,pro81
con34,pro34
con99,pro99
con42,pro42
con5,pro5
con10,pro10
con53,pro53
con88,pro88
jou307,vol307
jou337,vol337
con46,pro46
con100,pro100
con73,pro73
con53,pro53
con98,pro98
con90,pro90
con72,pro72
con70,pro70
con88,pro88
con90,pro90
con91,pro91
con66,pro66
con87,pro87
jou338,vol338
con33,pro33
con23,pro23
con93,pro93
jou18,vol18
con68,pro68
con17,pro17
con94,pro94
jou240,vol240
con47,pro47
con41,pro41
jou290,vol290
con29,pro29
con76,pro76
jou106,vol106
con70,pro70
con108,pro108
con35,pro35
con95,pro95
con89,pro89
jou339,vol339
con107,pro107
con92,pro92
con93,pro93
jou81,vol81
con61,pro61
jou340,vol340
jou240,vol240
con12,pro12
jou55,vol55
jou308,vol308
con96,pro96
con97,pro97
con81,pro81
con94,pro94
con78,pro78
con22,pro22
con44,pro44
jou5,vol5
con76,pro76
con92,pro92
jou216,vol216
con91,pro91
con89,pro89
con73,pro73
jou184,vol184
con36,pro36
con62,pro62
jou316,vol316
con55,pro55
con35,pro35
con2,pro2
con49,pro49
con36,pro36
con103,pro103
con107,pro107
jou81,vol81
con86,pro86
con108,pro108
con85,pro85
con105,pro105
con84,pro84
con51,pro51
jou341,vol341
jou342,vol342
jou343,vol343
con78,pro78
con100,pro100
con73,pro73
jou344,vol344
jou345,vol345
con94,pro94
jou346,vol346
con111,pro111
con43,pro43
con100,pro100
con107,pro107
con74,pro74
con84,pro84
con95,pro95
con9,pro9
con74,pro74
con49,pro49
jou347,vol347
jou348,vol348
con43,pro43
jou349,vol349
con21,pro21
con95,pro95
jou350,vol350
con91,pro91
con6,pro6
con24,pro24
con86,pro86
con79,pro79
con26,pro26
jou106,vol106
con41,pro41
con94,pro94
con72,pro72
jou18,vol18
jou351,vol351
jou351,vol351
jou352,vol352
con41,pro41
con111,pro111
con50,pro50
con46,pro46
jou230,vol230
con56,pro56
con98,pro98
con76,pro76
con14,pro14
con9,pro9
con101,pro101
con15,pro15
con97,pro97
con74,pro74
con46,pro46
jou353,vol353
con105,pro105
jou354,vol354
con82,pro82
con96,pro96
con105,pro105
con24,pro24
con83,pro83
con70,pro70
con109,pro109
con99,pro99
jou355,vol355
con76,pro76
con64,pro64
con64,pro64
con68,pro68
con2,pro2
jou356,vol356
con22,pro22
jou357,vol357
jou245,vol245
con105,pro105
jou290,vol290
jou358,vol358
jou359,vol359
jou360,vol360
jou3,vol3
con108,pro108
jou290,vol290
con23,pro23
con66,pro66
jou120,vol120
con42,pro42
con54,pro54
con74,pro74
con93,pro93
con37,pro37
con53,pro53
jou308,vol308
jou106,vol106
con32,pro32
con13,pro13
con58,pro58
con105,pro105
con21,pro21
con46,pro46
con12,pro12
con45,pro45
con89,pro89
con46,pro46
jou361,vol361
con50,pro50
jou347,vol347
con109,pro109
jou345,vol345
con33,pro33
con40,pro40
con98,pro98
jou362,vol362
con91,pro91
con69,pro69
con27,pro27
con1,pro1
con55,pro55
con82,pro82
jou262,vol262
con89,pro89
con75,pro75
con89,pro89
jou43,vol43
con22,pro22
con31,pro31
con13,pro13
con41,pro41
con97,pro97
con74,pro74
jou146,vol146
con57,pro57
jou232,vol232
jou363,vol363
con98,pro98
con54,pro54
con2,pro2
con97,pro97
con63,pro63
con34,pro34
jou106,vol106
con89,pro89
con55,pro55
con68,pro68
con45,pro45
con67,pro67
con78,pro78
con87,pro87
con98,pro98
con71,pro71
con66,pro66
con43,pro43
jou345,vol345
con110,pro110
con70,pro70
con89,pro89
con100,pro100
jou221,vol221
con32,pro32
con27,pro27
con53,pro53
con99,pro99
con100,pro100
jou43,vol43
con99,pro99
con71,pro71
jou364,vol364
jou262,vol262
con6,pro6
con9,pro9
jou3,vol3
jou365,vol365
con85,pro85
con100,pro100
con26,pro26
con4,pro4
con16,pro16
con19,pro19
jou366,vol366
con59,pro59
con71,pro71
con15,pro15
jou367,vol367
con11,pro11
con74,pro74
con36,pro36
con59,pro59
con95,pro95
con104,pro104
con99,pro99
con59,pro59
con22,pro22
con70,pro70
con4,pro4
con104,pro104
con101,pro101
con17,pro17
con0,pro0
con28,pro28
jou368,vol368
con30,pro30
jou229,vol229
con2,pro2
jou5,vol5
con74,pro74
con81,pro81
jou106,vol106
jou369,vol369
con89,pro89
jou299,vol299
jou221,vol221
con105,pro105
jou262,vol262
jou370,vol370
con78,pro78
con51,pro51
con66,pro66
con46,pro46
jou371,vol371
con91,pro91
con64,pro64
con0,pro0
con89,pro89
con8,pro8
con101,pro101
con32,pro32
con77,pro77
jou372,vol372
con31,pro31
con106,pro106
con14,pro14
con46,pro46
con102,pro102
con20,pro20
jou373,vol373
con84,pro84
con30,pro30
con90,pro90
con58,pro58
con98,pro98
con52,pro52
con2,pro2
con103,pro103
con80,pro80
con13,pro13
con109,pro109
jou374,vol374
con6,pro6
con108,pro108
con82,pro82
con107,pro107
con39,pro39
con97,pro97
jou65,vol65
jou262,vol262
con90,pro90
con40,pro40
con67,pro67
con88,pro88
con87,pro87
jou375,vol375
con69,pro69
con6,pro6
con9,pro9
con64,pro64
con43,pro43
jou106,vol106
con50,pro50
con59,pro59
jou260,vol260
con28,pro28
con36,pro36
con59,pro59
con66,pro66
con98,pro98
con58,pro58
con11,pro11
con17,pro17
jou216,vol216
con33,pro33
con5,pro5
con4,pro4
con2,pro2
con89,pro89
con6,pro6
jou262,vol262
con100,pro100
con84,pro84
jou376,vol376
con46,pro46
con56,pro56
con70,pro70
con62,pro62
con78,pro78
con104,pro104
con24,pro24
con72,pro72
con9,pro9
con106,pro106
con51,pro51
jou133,vol133
jou113,vol113
jou228,vol228
jou377,vol377
con110,pro110
con18,pro18
con93,pro93
con19,pro19
con39,pro39
con85,pro85
con52,pro52
con75,pro75
con97,pro97
con8,pro8
jou378,vol378
con62,pro62
con13,pro13
con83,pro83
con89,pro89
con59,pro59
con50,pro50
con3,pro3
con21,pro21
con48,pro48
con96,pro96
con64,pro64
con68,pro68
con54,pro54
con105,pro105
con93,pro93
con23,pro23
con97,pro97
jou106,vol106
con63,pro63
con29,pro29
con84,pro84
con77,pro77
con32,pro32
con59,pro59
con97,pro97
con35,pro35
con25,pro25
con33,pro33
con106,pro106
con46,pro46
con69,pro69
con93,pro93
con29,pro29
con110,pro110
con47,pro47
con68,pro68
con10,pro10
con107,pro107
con88,pro88
con96,pro96
con16,pro16
con28,pro28
con63,pro63
jou372,vol372
con4,pro4
con79,pro79
jou106,vol106
con3,pro3
con53,pro53
con27,pro27
con108,pro108
con103,pro103
jou219,vol219
con73,pro73
con53,pro53
con83,pro83
con21,pro21
con11,pro11
con53,pro53
con97,pro97
con28,pro28
jou379,vol379
con51,pro51
con10,pro10
con106,pro106
con31,pro31
con25,pro25
con49,pro49
con59,pro59
con29,pro29
con6,pro6
con64,pro64
con104,pro104
con65,pro65
con108,pro108
con103,pro103
con58,pro58
con22,pro22
con22,pro22
jou380,vol380
con13,pro13
jou232,vol232
con92,pro92
con63,pro63
con25,pro25
con102,pro102
con85,pro85
jou381,vol381
con22,pro22
con68,pro68
jou382,vol382
jou383,vol383
con103,pro103
con34,pro34
con93,pro93
con103,pro103
con97,pro97
jou230,vol230
jou43,vol43
con14,pro14
con23,pro23
con109,pro109
jou103,vol103
con67,pro67
con110,pro110
con38,pro38
con78,pro78
con74,pro74
con45,pro45
con111,pro111
jou171,vol171
con64,pro64
con14,pro14
con99,pro99
con20,pro20
jou384,vol384
con92,pro92
con110,pro110
con6,pro6
jou187,vol187
con77,pro77
con27,pro27
