ID,name,city
87082446,"11th International Conference on Hard and Elecctromagnetic Probes of High-Energy Nuclear Collisions, HardProbes 2023",Aschaffenburg
67189243,"18th International Conference on Tangible, Embedded, and Embodied Interaction, TEI 2024",Cork
90861329,"2022 International Conference on Organic and Applied Chemistry, ICOAC 2022",Malang
30558871,"1st International Conference on Advances in Material Science and Technology, ICAMST 2022",Kapurthala
16379696,"2nd International Conference on Mechatronics and Automation Technology, ICMAT 2023","Virtual, Online"
99991266,"2nd International Conference on Mechatronics and Automation Technology, ICMAT 2023","Virtual, Online"
35632679,"2nd International Conference on the Multidimensional Role of Basic Science in Advanced Technology, ICMBAT 2022",Nagpur
72272464,"7th International Conference on High Performance Computing in Asia-Pacific Region, HPC Asia 2024",Nagoya
26807241,"13th International Conference on Electronics, Communications and Networks, CECNet 2023","Hybrid, Macau"
77891269,"13th International Conference on Electronics, Communications and Networks, CECNet 2023","Hybrid, Macau"
48979044,"2023 5th International Conference on Energy, Power and Grid, ICEPG 2023",Guangzhou
89274096,"18th International Conference on Computer-Aided Design and Computer Graphics, CAD/Graphics 2023",Shanghai
60938186,"6th International Conference on Electrical Engineering and Information Technologies for Rail Transportation, EITRT 2023",Beijing
20423776,"3rd CAAI International Conference on Artificial Intelligence, CICAI 2023",Fuzhou
74686167,"3rd CAAI International Conference on Artificial Intelligence, CICAI 2023",Fuzhou
95144745,"4th International Symposium on Insulation and Discharge Computation for Power Equipment, IDCOMPU 2023",Wuhan
34861655,"6th International Conference on Communications and Cyber-Physical Engineering, ICCCE 2023",Hyderabad
67565455,"3rd International Civil Engineering and Architecture Conference, CEAC 2023",Kyoto
49657667,"9th International Conference on Energy Materials and Electrical Engineering, ICEMEE 2023",Guilin
20702107,"18th International Conference on Computer-Aided Design and Computer Graphics, CAD/Graphics 2023",Shanghai
45714541,"3rd CAAI International Conference on Artificial Intelligence, CICAI 2023",Fuzhou
86059968,"2023 International Conference on Smart Transportation and City Engineering, STCE 2023",Chongqing
68323012,"18th International Conference on Computer-Aided Design and Computer Graphics, CAD/Graphics 2023",Shanghai
72858875,"3rd CAAI International Conference on Artificial Intelligence, CICAI 2023",Fuzhou
30841198,"3rd CAAI International Conference on Artificial Intelligence, CICAI 2023",Fuzhou
65270024,"3rd CAAI International Conference on Artificial Intelligence, CICAI 2023",Fuzhou
69562810,"3rd CAAI International Conference on Artificial Intelligence, CICAI 2023",Fuzhou
94571212,"18th International Society for Knowledge Organization Conference, ISKO 2024",Wuhan
83894506,"3rd CAAI International Conference on Artificial Intelligence, CICAI 2023",Fuzhou
94064651,"3rd International Civil Engineering and Architecture Conference, CEAC 2023",Kyoto
36342026,"2023 International Conference on Smart Transportation and City Engineering, STCE 2023",Chongqing
12539996,"3rd CAAI International Conference on Artificial Intelligence, CICAI 2023",Fuzhou
43555720,"3rd CAAI International Conference on Artificial Intelligence, CICAI 2023",Fuzhou
34052717,"3rd International Civil Engineering and Architecture Conference, CEAC 2023",Kyoto
37382646,"3rd CAAI International Conference on Artificial Intelligence, CICAI 2023",Fuzhou
70524871,"3rd CAAI International Conference on Artificial Intelligence, CICAI 2023",Fuzhou
73721626,"3rd CAAI International Conference on Artificial Intelligence, CICAI 2023",Fuzhou
81478766,"3rd CAAI International Conference on Artificial Intelligence, CICAI 2023",Fuzhou
23923211,"6th International Conference on Electrical Engineering and Information Technologies for Rail Transportation, EITRT 2023",Beijing
44831784,"3rd CAAI International Conference on Artificial Intelligence, CICAI 2023",Fuzhou
12771636,"3rd CAAI International Conference on Artificial Intelligence, CICAI 2023",Fuzhou
85660987,"9th International Conference on Energy Materials and Electrical Engineering, ICEMEE 2023",Guilin
85853381,"3rd CAAI International Conference on Artificial Intelligence, CICAI 2023",Fuzhou
52943095,"3rd CAAI International Conference on Artificial Intelligence, CICAI 2023",Fuzhou
79708528,"2023 International Conference on Smart Transportation and City Engineering, STCE 2023",Chongqing
29239207,"2023 International Conference on Smart Transportation and City Engineering, STCE 2023",Chongqing
68705803,"18th International Conference on Computer-Aided Design and Computer Graphics, CAD/Graphics 2023",Shanghai
47052779,"3rd CAAI International Conference on Artificial Intelligence, CICAI 2023",Fuzhou
20517833,"3rd International Civil Engineering and Architecture Conference, CEAC 2023",Kyoto
96524816,"3rd CAAI International Conference on Artificial Intelligence, CICAI 2023",Fuzhou
34245580,"3rd CAAI International Conference on Artificial Intelligence, CICAI 2023",Fuzhou
51577283,"9th International Conference on Energy Materials and Electrical Engineering, ICEMEE 2023",Guilin
97861296,"2023 4th International Conference on Mechanical Engineering and Materials, ICMEM 2023",Wuhan
25790391,"9th International Conference on Energy Materials and Electrical Engineering, ICEMEE 2023",Guilin
45911845,"9th International Conference on Energy Materials and Electrical Engineering, ICEMEE 2023",Guilin
64226800,"9th International Conference on Energy Materials and Electrical Engineering, ICEMEE 2023",Guilin
26724718,"2023 4th International Conference on Mechanical Engineering and Materials, ICMEM 2023",Wuhan
97537936,"Intelligent Systems Conference, IntelliSys 2023",Amsterdam
97208333,"13th International Conference on Road and Airfield Pavement Technology, ICPT 2023",Beijing
45955452,"13th International Conference on Road and Airfield Pavement Technology, ICPT 2023",Beijing
30863599,"5th International Conference on Optoelectronic Science and Materials, ICOSM 2023",Hefei
63316507,"2nd International Conference of Science and Applied Geography, ICoSAG 2022",Depok
56191107,12th International Conference on Transport Survey Methods,Porto Novo Beach
25222886,"International Conference on Data Analytics and Management, ICDAM 2023",Jelenia Gora
87985771,"ASCE International Conference on Computing in Civil Engineering 2023: Visualization, Information Modeling, and Simulation, i3CE 2023",Corvallis
49376604,"2nd International Conference on Electrical, Electronics, and Information Engineering, EEIE 2023",Wuhan
62543166,"10th World Hydrogen Technology Convention, WHTTC 2023",Foshan
51101336,"4th International Symposium on Insulation and Discharge Computation for Power Equipment, IDCOMPU 2023",Wuhan
41529831,"10th World Hydrogen Technology Convention, WHTTC 2023",Foshan
46642837,"4th International Symposium on Insulation and Discharge Computation for Power Equipment, IDCOMPU 2023",Wuhan
12590026,"4th International Conference on Data Science and Applications, ICDSA 2023",Jaipur
79690556,"10th World Hydrogen Technology Convention, WHTTC 2023",Foshan
39984152,"10th World Hydrogen Technology Convention, WHTTC 2023",Foshan
20254496,"5th International Workshop on Dynamic Logic - New Trends and Applications, DaLi 2023",Tbilisi
46822728,"14th International Particle Accelerator Conference, IPAC 2023",Venice
23528733,"2023 2nd International Conference on Materials Science and Engineering, CoMSE 2023",Taizhou
85201522,"29th International Conference on Computational and Experimental Engineering and Sciences, ICCES 2023",Shenzhen
22440750,"14th International Particle Accelerator Conference, IPAC 2023",Venice
42210352,"6th International Conference on Smart Monitoring, Assessment and Rehabilitation of Civil Structures, SMAR 2022",Shanghai
60960918,"4th International Conference on Geology, Mapping, and Remote Sensing, ICGMRS 2023",Wuhan
32641368,"5th International Workshop on Dynamic Logic - New Trends and Applications, DaLi 2023",Tbilisi
62439355,"1st International Conference on Machine Intelligence for Research and Innovations, MAiTRI 2023",Jalandhar
61443178,"14th China Academic Conference on Printing and Packaging, CACPP 2023",Beijing
20913067,"15th Innovations in Theoretical Computer Science Conference, ITCS 2024",Berkeley
11380392,"2023 2nd International Conference on Mechanical, Aerospace Technology and Materials Application, MATMA 2023","Hybrid, Shenyang"
46700719,"9th International Conference on Mobile, Secure, and Programmable Networking, MSPN 2023",Paris
12393259,"International Conference on Applications in Electronics Pervading Industry, Environment and Society, APPLEPIES 2023",Genoa
40785795,"6th International Conference on Smart Monitoring, Assessment and Rehabilitation of Civil Structures, SMAR 2022",Shanghai
90821523,"5th International Workshop on Dynamic Logic - New Trends and Applications, DaLi 2023",Tbilisi
98224996,"14th International Particle Accelerator Conference, IPAC 2023",Venice
85576934,"14th International Particle Accelerator Conference, IPAC 2023",Venice
50730043,"16th International Conference on Cloud Computing, CLOUD 2023 held as Part of the Services Conference Federation, SCF 2023",Shenzhen
58970097,"1st International Conference on Machine Intelligence for Research and Innovations, MAiTRI 2023",Jalandhar
42596345,"14th International Particle Accelerator Conference, IPAC 2023",Venice
99168454,"14th International Particle Accelerator Conference, IPAC 2023",Venice
16539189,"15th Innovations in Theoretical Computer Science Conference, ITCS 2024",Berkeley
67409960,"14th International Particle Accelerator Conference, IPAC 2023",Venice
72968524,"14th International Particle Accelerator Conference, IPAC 2023",Venice
23969459,"14th International Particle Accelerator Conference, IPAC 2023",Venice
48469562,"1st Conference on Parsimony and Learning, CPAL 2024",Hongkong
31255369,"14th International Conference on Emerging Ubiquitous Systems and Pervasive Networks / 13th International Conference on Current and Future Trends of Information and Communication Technologies in Healthcare, EUSPN/ICTH 2023",Almaty
28435868,"1st Conference on Parsimony and Learning, CPAL 2024",Hongkong
33240589,"1st Conference on Parsimony and Learning, CPAL 2024",Hongkong
15742112,"1st Conference on Parsimony and Learning, CPAL 2024",Hongkong
68593817,"1st International Conference on New Materials for Environment and Energy, NMEE 2023",
44913676,"1st International Conference on New Materials for Environment and Energy, NMEE 2023",
49838877,"2023 International Conference on Algorithm, Imaging Processing, and Machine Vision, AIPMV 2023",Qingdao
29530557,"2023 International Conference on Algorithm, Imaging Processing, and Machine Vision, AIPMV 2023",Qingdao
28558020,"2023 International Conference on Algorithm, Imaging Processing, and Machine Vision, AIPMV 2023",Qingdao
36264328,"10th World Hydrogen Technology Convention, WHTC 2023",Foshan
79645727,"10th World Hydrogen Technology Convention, WHTC 2023",Foshan
74874272,"6th International Conference on Electrical Engineering and Information Technologies for Rail Transportation, EITRT 2023",Beijing
72128923,"10th World Hydrogen Technology Convention, WHTC 2023",Foshan
33509350,"29th International Conference on Information and Software Technologies, ICIST 2023",Kaunas
25033541,"5th International Conference on Computer Science and Educational Informatization, CSEI 2023",Kunming
89090674,"5th International Conference on Computer Science and Educational Informatization, CSEI 2023",Kunming
49169856,"10th World Hydrogen Technology Convention, WHTC 2023",Foshan
32139884,"10th World Hydrogen Technology Convention, WHTC 2023",Foshan
30543648,"4th EAI International Conference on Cognitive Computing and Cyber Physical Systems, IC4S 2023",Bhimavaram
96470615,"20th International Conference on Services Computing, SCC 2023 held as Part of the Services Conference Federation, SCF 2023",Shenzhen
88828815,"18th CCF Conference on Computer Supported Cooperative Work and Social Computing, ChineseCSCW 2023",Harbin
89155561,"29th International Conference on Information and Software Technologies, ICIST 2023",Kaunas
25299646,"10th World Hydrogen Technology Convention, WHTC 2023",Foshan
58529580,"10th World Hydrogen Technology Convention, WHTC 2023",Foshan
34305126,"12th Global Conference on Materials Science and Engineering, CMSE 2023","Hybrid, Shenzhen"
77385377,"10th World Hydrogen Technology Convention, WHTC 2023",Foshan
51576504,"56th International Conference on Asia Pacific Advanced Network, APANConf 2023",Colombo
42205549,"40th Computer Graphics International Conference, CGI 2023",Shanghai
70222566,"8th Purple Mountain Forum on Smart Grid Protection and Control, PMF 2023",Nanjing
15206381,"4th International Symposium on Insulation and Discharge Computation for Power Equipment, IDCOMPU 2023",Wuhan
23235774,"2nd International Conference on Advances in Information and Communication Technology, ICTA 2023",Thai Nguyen
42679789,"30th International Conference on Neural Information Processing, ICONIP 2023",Changsha
48868274,"26th International Conference series on Climbing and Walking Robots and the Support Technologies for Mobile Machines, CLAWAR 2023",Florianópolis
82901818,"9th Latin American Congress on Biomedical Engineering, CLAIB 2022 and 28th Brazilian Congress on Biomedical Engineering, CBEB 2022",Florianópolis
75542908,"4th International Symposium on Insulation and Discharge Computation for Power Equipment, IDCOMPU 2023",Wuhan
76155492,"7th International Congress and Workshop on Industrial AI and eMaintenance, IAI 2023",Luleå
26753176,"4th International Symposium on Insulation and Discharge Computation for Power Equipment, IDCOMPU 2023",Wuhan
80144974,"4th International Symposium on Insulation and Discharge Computation for Power Equipment, IDCOMPU 2023",Wuhan
45608619,"13th International Conference on Computer Engineering and Networks, CENet 2023",Wuxi
60770538,"4th International Symposium on Insulation and Discharge Computation for Power Equipment, IDCOMPU 2023",Wuhan
67970425,"8th Purple Mountain Forum on Smart Grid Protection and Control, PMF 2023",Nanjing
50135943,"4th International Symposium on Insulation and Discharge Computation for Power Equipment, IDCOMPU 2023",Wuhan
57611589,"4th International Symposium on Insulation and Discharge Computation for Power Equipment, IDCOMPU 2023",Wuhan
25360820,"4th International Symposium on Insulation and Discharge Computation for Power Equipment, IDCOMPU 2023",Wuhan
50766486,"30th International Conference on Neural Information Processing, ICONIP 2023",Changsha
44029392,"4th International Symposium on Insulation and Discharge Computation for Power Equipment, IDCOMPU 2023",Wuhan
49836776,"4th International Symposium on Insulation and Discharge Computation for Power Equipment, IDCOMPU 2023",Wuhan
62818598,"13th International Conference on Computer Engineering and Networks, CENet 2023",Wuxi
60600790,"6th Chinese Conference on Pattern Recognition and Computer Vision, PRCV 2023",Xiamen
99595051,"29th International Conference on Computational and Experimental Engineering and Sciences, ICCES 2023",Shenzhen
96875693,"6th China Aeronautical Science and Technology Conference, CASTC 2023",Wuzhen
25197467,"29th International Conference on Computational and Experimental Engineering and Sciences, ICCES 2023",Shenzhen
57164076,"16th Annual International Conference on Combinatorial Optimization and Applications, COCOA 2023",Hawai
70433503,"16th International Conference on Verification and Evaluation of Computer and Communication Systems, VECoS 2023",Marrakech
67833512,"6th China Aeronautical Science and Technology Conference, CASTC 2023",Wuzhen
79793065,"25th International Conference on Human-Computer Interaction, HCII 2023",Copenhagen
85453834,"40th Computer Graphics International Conference, CGI 2023",Shanghai
94698311,"6th Chinese Conference on Pattern Recognition and Computer Vision, PRCV 2023",Xiamen
88913725,"6th China Aeronautical Science and Technology Conference, CASTC 2023",Wuzhen
30007270,"25th International Conference on Human-Computer Interaction, HCII 2023",Copenhagen
71088826,"38th CCF National Conference of Computer Applications, CCF NCCA 2023",Suzhou
20344978,"25th International Conference on Human-Computer Interaction, HCII 2023",Copenhagen
84579592,"38th CCF National Conference of Computer Applications, CCF NCCA 2023",Suzhou
48647423,"25th International Conference on Human-Computer Interaction, HCII 2023",Copenhagen
29512051,"6th China Aeronautical Science and Technology Conference, CASTC 2023",Wuzhen
60549913,"6th China Aeronautical Science and Technology Conference, CASTC 2023",Wuzhen
91090285,"1st International Conference on Artificial Intelligence of Things, ICAIoT 2023",Chandigarh
56226927,"International Conference on Water Reactor Fuel Performance Meeting, WRFPM 2023",Xi’an
78873901,"6th Chinese Conference on Pattern Recognition and Computer Vision, PRCV 2023",Xiamen
12462852,"25th International Conference on Human-Computer Interaction, HCII 2023",Copenhagen
79583279,"29th International Conference on Computational and Experimental Engineering and Sciences, ICCES 2023",Shenzhen
59952504,"25th International Conference on Human-Computer Interaction, HCII 2023",Copenhagen
31184244,"2nd International Conference on Big Data, Machine Learning, and Applications, BigDML 2021",Silchar
79740479,"8th International Conference on Emerging Research in Computing, Information, Communication and Applications, ERCICA 2023",Bangalore
59979177,"25th International Conference on Human-Computer Interaction, HCII 2023",Copenhagen
48974921,"9th International Symposium on Dependable Software Engineering: Theories, Tools and Applications, SETTA 2023",Nanjing
82386331,"3rd International Conference on Micro and Nanoelectronics Devices, Circuits and Systems, MNDCS 2023",Silchar
23505684,"25th International Conference on Human-Computer Interaction, HCII 2023",Copenhagen
27489877,"3rd International Conference on Advanced Research in Technologies, Information, Innovation and Sustainability, ARTIIS 2023",Madrid
81280092,"30th International Conference on Neural Information Processing, ICONIP 2023",Changsha
58888133,"29th International Conference on Computational and Experimental Engineering and Sciences, ICCES 2023",Shenzhen
65502285,"38th CCF National Conference of Computer Applications, CCF NCCA 2023",Suzhou
79984384,"29th International Conference on Computational and Experimental Engineering and Sciences, ICCES 2023",Shenzhen
26000238,"4th International Conference on IoT Based Control Networks and Intelligent Systems, ICICNIS 2023",Bengaluru
51087771,"30th International Conference on Neural Information Processing, ICONIP 2023",Changsha
44509677,"30th International Conference on Neural Information Processing, ICONIP 2023",Changsha
34370403,"30th International Conference on Neural Information Processing, ICONIP 2023",Changsha
34025809,"30th International Conference on Neural Information Processing, ICONIP 2023",Changsha
66626562,"30th International Conference on Neural Information Processing, ICONIP 2023",Changsha
96753117,"30th International Conference on Neural Information Processing, ICONIP 2023",Changsha
10274480,"30th International Conference on Neural Information Processing, ICONIP 2023",Changsha
77868016,"30th International Conference on Neural Information Processing, ICONIP 2023",Changsha
84568267,"30th International Conference on Neural Information Processing, ICONIP 2023",Changsha
50862825,"30th International Conference on Neural Information Processing, ICONIP 2023",Changsha
20011595,"36th Australasian Joint Conference on Artificial Intelligence, AJCAI 2023",Brisbane
50778983,"30th International Conference on Neural Information Processing, ICONIP 2023",Changsha
20813620,"30th International Conference on Neural Information Processing, ICONIP 2023",Changsha
96230629,"30th International Conference on Neural Information Processing, ICONIP 2023",Changsha
52196038,"8th International Conference on Cognitive Systems and Information Processing, ICCSIP 2023",Fuzhou
43751645,"8th International Conference on Cognitive Systems and Information Processing, ICCSIP 2023",Fuzhou
50473298,"14th China Satellite Navigation Conference, CSNC 2024",Jinan
12809895,"20th Pacific Rim International Conference on Artificial Intelligence, PRICAI 2023",Jakarta
25060370,"8th International Conference on Cognitive Systems and Information Processing, ICCSIP 2023",Fuzhou
92889423,"8th International Conference on Cognitive Systems and Information Processing, ICCSIP 2023",Fuzhou
77333300,"20th Pacific Rim International Conference on Artificial Intelligence, PRICAI 2023",Jakarta
89613126,"30th International Conference on Neural Information Processing, ICONIP 2023",Changsha
97286675,"20th Pacific Rim International Conference on Artificial Intelligence, PRICAI 2023",Jakarta
88786324,"20th Pacific Rim International Conference on Artificial Intelligence, PRICAI 2023",Jakarta
52182597,"16th International Federation of Theory of Machines and Mechanisms World Congress, IFToMM WC 2023",Tokyo
35128967,"20th Pacific Rim International Conference on Artificial Intelligence, PRICAI 2023",Jakarta
34359318,"20th Pacific Rim International Conference on Artificial Intelligence, PRICAI 2023",Jakarta
83767184,"16th International Federation of Theory of Machines and Mechanisms World Congress, IFToMM WC 2023",Tokyo
70894752,"11th Chinese National Conference on Social Media Processing, SMP 2023",Anhui
11929496,"16th International Federation of Theory of Machines and Mechanisms World Congress, IFToMM WC 2023",Tokyo
81570349,"8th International Conference on Cognitive Systems and Information Processing, ICCSIP 2023",Fuzhou
53367360,"1st International Conference on AI-generated Content, AIGC 2023",Shanghai
33585585,"20th Pacific Rim International Conference on Artificial Intelligence, PRICAI 2023",Jakarta
96170442,"8th International Workshop on Advanced Computational Intelligence and Intelligent Informatics, IWACIII 2023",Beijing
90050478,"20th Pacific Rim International Conference on Artificial Intelligence, PRICAI 2023",Jakarta
88773586,"19th International Conference on Computing in Civil and Building Engineering, ICCCBE 2022",Cape Town
23604394,"5th International Conference on Civil Engineering and Architecture, ICCEA 2022",Hanoi
10486421,"5th International Conference on Civil Engineering and Architecture, ICCEA 2022",Hanoi
44834131,"5th International Conference on Civil Engineering and Architecture, ICCEA 2022",Hanoi
12159425,"19th International Conference on Computing in Civil and Building Engineering, ICCCBE 2022",Cape Town
84216568,"14th International Conference on Technology of Plasticity, ICTP 2023",Mandelieu-La Napoule
27336822,"12th International Symposium on Intelligent Manufacturing and Service Systems, IMSS 2023",Istanbul
23561332,"11th IFToMM International Conference on Rotordynamics, IFToMM 2023",Beijing
27238158,"11th IFToMM International Conference on Rotordynamics, IFToMM 2023",Beijing
89629690,"32nd International Conference on Flexible Automation and Intelligent Manufacturing, FAIM 2023",Porto
40497237,"11th IFToMM International Conference on Rotordynamics, IFToMM 2023",Beijing
89273412,"11th IFToMM International Conference on Rotordynamics, IFToMM 2023",Beijing
45060859,"4th International Scientific Conference of Alkafeel University, ISCKU 2022",Al-Najaf Al-Ashraf
70494776,"2nd International Conference and Exposition on Mechanical, Material, and Manufacturing Technology, ICE3MT 2022",Hyderabad
13108675,"6th International Conference on Algorithms, Computing and Artificial Intelligence, ACAI 2023",Sanya
41495264,"2021 International Scientific and Practical Conference on Railway Transport and Technologies, RTT 2021",Yekaterinburg
86313296,"2nd International Conference on Emerging Technology Trends in Internet of Things and Computing, TIOTC 2022",Ramadi
31333025,"18th ACM International Symposium on Nanoscale Architectures, NANOARCH 2023",Dresden
99785937,"SAE 2023 Intelligent and Connected Vehicles Symposium, ICVS 2023",Nanchang
14929202,"3rd International Conference on Applied Mathematics, Modeling and Computer Simulation, AMMCS 2023",Wuhan
65930842,"2nd International Conference on Energy and Green Computing, ICEGC 2023",Fez
48704104,"2023 8th International Conference on Advances in Energy and Environment Research and Clean Energy and Energy Storage Technology Forum, ICAEER 2023 and CEEST 2023",Shanghai
78225971,"3rd International Meeting for Applied Geoscience and Energy, IMAGE 2023",Houston
40483175,"2023 SIGGRAPH Asia 2023 Conference Papers, SA 2023",Sydney
57375368,"2023 SIGGRAPH Asia 2023 Conference Papers, SA 2023",Sydney
85666475,"3rd International Meeting for Applied Geoscience and Energy, IMAGE 2023",Houston
12599237,"3rd International Meeting for Applied Geoscience and Energy, IMAGE 2023",Houston
76142187,"2023 SIGGRAPH Asia 2023 Conference Papers, SA 2023",Sydney
29669620,"2023 SIGGRAPH Asia 2023 Conference Papers, SA 2023",Sydney
74518046,"2023 SIGGRAPH Asia 2023 Conference Papers, SA 2023",Sydney
93690958,"2023 SIGGRAPH Asia 2023 Art Papers, SA 2023",Sydney
57969613,"2023 SIGGRAPH Asia 2023 Conference Papers, SA 2023",Sydney
81134331,"2023 SIGGRAPH Asia 2023 Conference Papers, SA 2023",Sydney
11609261,"2023 Rudenko International Conference on Methodological Problems in Reliability Study of Large Energy Systems, RSES 2023",Olkhon isl.
74744297,"3rd International Meeting for Applied Geoscience and Energy, IMAGE 2023",Houston
62442576,"2023 SIGGRAPH Asia 2023 Conference Papers, SA 2023",Sydney
21855368,"27th European Cosmic Ray Symposium, ECRS 2022",Nijmegen
28039464,"12th International Symposium on Information and Communication Technology, SOICT 2023",Ho Chi Minh City
63612112,"5th ACM International Conference on Multimedia in Asia, MMAsia 2023 Workshops","Hybrid, Tainan"
92750347,"1st International Conference on Applied Data Science and Smart Systems, ADSSS 2022",Rajpura
65509933,"5th ACM International Conference on Multimedia in Asia, MMAsia 2023","Hybrid, Tainan"
95162061,"11th Conference on Human-Agent Interaction, HAI 2023",Gothenburg
97328909,"5th ACM International Conference on Multimedia in Asia, MMAsia 2023","Hybrid, Tainan"
97081641,"4th Tarumanagara International Conference of the Applications of Technology and Engineering, TICATE 2021","Virtual, Online"
47381569,"39th Annual Computer Security Applications Conference, ACSAC 2023",Austin
88128780,"8th International Technical Conference on Frontiers of Hydraulic and Civil Engineering Technology, HCET 2023",Wuhan
53718927,"5th ACM International Conference on Multimedia in Asia, MMAsia 2023","Hybrid, Tainan"
68264164,"8th International Technical Conference on Frontiers of Hydraulic and Civil Engineering Technology, HCET 2023",Wuhan
44269918,"18th International Symposium on Parameterized and Exact Computation, IPEC 2023",Amsterdam
71424399,"34th International Symposium on Algorithms and Computation, ISAAC 2023",Kyoto
99129781,"31st ACM Joint Meeting European Software Engineering Conference and Symposium on the Foundations of Software Engineering, ESEC/FSE 2023",San Francisco
79336066,"31st ACM Joint Meeting European Software Engineering Conference and Symposium on the Foundations of Software Engineering, ESEC/FSE 2023",San Francisco
30749265,"2023 SIGGRAPH Asia 2023 Technical Communications, SA Technical Communications 2023",Sydney
82690890,"22nd ACM Workshop on Hot Topics in Networks, HotNets 2023",Cambridge
26811795,"3rd International Conference on Artificial Intelligence, Big Data and Algorithms, CAIBDA 2023","Hybrid, Zhengzhou"
64727869,"3rd International Conference on Artificial Intelligence, Big Data and Algorithms, CAIBDA 2023","Hybrid, Zhengzhou"
97648972,"31st ACM Joint Meeting European Software Engineering Conference and Symposium on the Foundations of Software Engineering, ESEC/FSE 2023",San Francisco
39137232,"2023 Workshop on Decentralized Finance and Security, DeFi 2023",Copenhagen
52432946,"31st ACM Joint Meeting European Software Engineering Conference and Symposium on the Foundations of Software Engineering, ESEC/FSE 2023",San Francisco
99635508,"31st ACM Joint Meeting European Software Engineering Conference and Symposium on the Foundations of Software Engineering, ESEC/FSE 2023",San Francisco
94987452,"22nd ACM Workshop on Hot Topics in Networks, HotNets 2023",Cambridge
71328068,"11th International ACM SIGIR Conference on Research and Development in Information Retrieval in the Asia Pacific Region, SIGIR-AP 2023",Beijing
11126693,"11th International ACM SIGIR Conference on Research and Development in Information Retrieval in the Asia Pacific Region, SIGIR-AP 2023",Beijing
71872736,"11th International ACM SIGIR Conference on Research and Development in Information Retrieval in the Asia Pacific Region, SIGIR-AP 2023",Beijing
85772167,"1st International Conference on Contemporary Innovations in Mechanical Engineering, CIME 2022",Nandyal City
68980504,"11th International ACM SIGIR Conference on Research and Development in Information Retrieval in the Asia Pacific Region, SIGIR-AP 2023",Beijing
28466403,"11th International ACM SIGIR Conference on Research and Development in Information Retrieval in the Asia Pacific Region, SIGIR-AP 2023",Beijing
39893563,"1st International Conference on Contemporary Innovations in Mechanical Engineering, CIME 2022",Nandyal City
66587138,"2021 International Conference on Emerging Trends in Materials, Computing and Communication Technologies, ICETMCCT 2021",Kanyakumari
72641818,"11th International ACM SIGIR Conference on Research and Development in Information Retrieval in the Asia Pacific Region, SIGIR-AP 2023",Beijing
81858014,"11th International ACM SIGIR Conference on Research and Development in Information Retrieval in the Asia Pacific Region, SIGIR-AP 2023",Beijing
81415182,"10th ACM Workshop on Moving Target Defense, MTD 2023",Copenhagen
48442065,"30th ACM SIGSAC Conference on Computer and Communications Security, CCS 2023",Copenhagen
61484784,"30th ACM SIGSAC Conference on Computer and Communications Security, CCS 2023",Copenhagen
17678820,"30th ACM SIGSAC Conference on Computer and Communications Security, CCS 2023",Copenhagen
69313064,"2023 International Conference on Electronics, Computers and Communication Technology, CECCT 2023",Guilin
59549191,"30th ACM SIGSAC Conference on Computer and Communications Security, CCS 2023",Copenhagen
26517353,"30th ACM SIGSAC Conference on Computer and Communications Security, CCS 2023",Copenhagen
20787768,"30th ACM SIGSAC Conference on Computer and Communications Security, CCS 2023",Copenhagen
45049956,"2023 International Conference on Electronics, Computers and Communication Technology, CECCT 2023",Guilin
98883354,"30th ACM SIGSAC Conference on Computer and Communications Security, CCS 2023",Copenhagen
20402097,"30th ACM SIGSAC Conference on Computer and Communications Security, CCS 2023",Copenhagen
10997152,"30th ACM SIGSAC Conference on Computer and Communications Security, CCS 2023",Copenhagen
93120257,"30th ACM SIGSAC Conference on Computer and Communications Security, CCS 2023",Copenhagen
90589541,"30th ACM SIGSAC Conference on Computer and Communications Security, CCS 2023",Copenhagen
77271469,"31st ACM SIGSPATIAL International Conference on Advances in Geographic Information Systems, ACM SIGSPATIAL GIS 2023",Hamburg
40944902,"31st ACM SIGSPATIAL International Conference on Advances in Geographic Information Systems, ACM SIGSPATIAL GIS 2023",Hamburg
46745913,"2023 International Conference for High Performance Computing, Networking, Storage and Analysis, SC 2023",Denver
70452033,"31st ACM SIGSPATIAL International Conference on Advances in Geographic Information Systems, ACM SIGSPATIAL GIS 2023",Hamburg
61893738,"International Conference on Engineering Research and Application 2022, ICERA 2022",Cairo
60097504,"31st ACM SIGSPATIAL International Conference on Advances in Geographic Information Systems, ACM SIGSPATIAL GIS 2023",Hamburg
78882955,"2023 International Conference for High Performance Computing, Networking, Storage and Analysis, SC 2023",Denver
62928601,"2023 International Conference for High Performance Computing, Networking, Storage and Analysis, SC 2023",Denver
49051151,"31st ACM SIGSPATIAL International Conference on Advances in Geographic Information Systems, ACM SIGSPATIAL GIS 2023",Hamburg
19620202,"6th ACM SIGSPATIAL International Workshop on AI for Geographic Knowledge Discovery, GeoAI 2023",Hamburg
23767152,"8th ACM SIGSPATIAL International Workshop on Security Response using GIS, EM-GIS 2023",Hamburg
49501649,"31st ACM SIGSPATIAL International Conference on Advances in Geographic Information Systems, ACM SIGSPATIAL GIS 2023",Hamburg
49204809,"4th International Conference on Material Science and Applications, ICMSA 2021","Virtual, Online"
62125075,"2023 International Conference for High Performance Computing, Networking, Storage and Analysis, SC 2023",Denver
34428750,"2023 International Conference on High Performance Computing, Network, Storage, and Analysis, SC Workshops 2023",Denver
75566542,"2023 International Conference for High Performance Computing, Networking, Storage and Analysis, SC 2023",Denver
83123444,"31st ACM SIGSPATIAL International Conference on Advances in Geographic Information Systems, ACM SIGSPATIAL GIS 2023",Hamburg
26286941,"31st ACM SIGSPATIAL International Conference on Advances in Geographic Information Systems, ACM SIGSPATIAL GIS 2023",Hamburg
50451498,"8th ACM SIGSPATIAL International Workshop on Security Response using GIS, EM-GIS 2023",Hamburg
60500794,"31st ACM SIGSPATIAL International Conference on Advances in Geographic Information Systems, ACM SIGSPATIAL GIS 2023",Hamburg
58916646,"1st ACM SIGSPATIAL International Workshop on Sustainable Mobility, SuMob 2023",Hamburg
87748776,"8th ACM SIGSPATIAL International Workshop on Security Response using GIS, EM-GIS 2023",Hamburg
30795205,"2023 International Conference for High Performance Computing, Networking, Storage and Analysis, SC 2023",Denver
53033671,"2023 International Conference for High Performance Computing, Networking, Storage and Analysis, SC 2023",Denver
31201202,"31st ACM SIGSPATIAL International Conference on Advances in Geographic Information Systems, ACM SIGSPATIAL GIS 2023",Hamburg
34503647,"31st ACM SIGSPATIAL International Conference on Advances in Geographic Information Systems, ACM SIGSPATIAL GIS 2023",Hamburg
71278975,"8th ACM SIGSPATIAL International Workshop on Security Response using GIS, EM-GIS 2023",Hamburg
56393462,"4th Multimodal Sentiment Analysis Challenge and Workshop, MuSe 2023, In conjunction with ACM Multimedia 2023",Ottawa
28214308,"1st Workshop on Large Generative Models Meet Multimodal Applications, LGM3A 2023",Ottawa
11807387,"2023 International Conference on Clean Energy and Low Carbon Technologies, CELCT 2023",Wuhan
50763368,"2022 International Conference on Recent Advances in Industry 4.0 Technologies, ICRAIT 2022",Karaikal
28620289,"4th Multimodal Sentiment Analysis Challenge and Workshop, MuSe 2023, In conjunction with ACM Multimedia 2023",Ottawa
32593351,"4th Multimodal Sentiment Analysis Challenge and Workshop, MuSe 2023, In conjunction with ACM Multimedia 2023",Ottawa
75311417,"1st 2022 International Conference on Sustainable Environment, Development, and Energy,CONSER 2022","Hybrid, Denpasar, Bali"
55308957,"2023 International Conference on Clean Energy and Low Carbon Technologies, CELCT 2023",Wuhan
52050104,"9th International Conference on Actual Problems of Engineering Mechanics, APEM 2022",Odesa
96659335,"31st ACM International Conference on Multimedia, MM 2023",Ottawa
48114875,"36th Annual ACM Symposium on User Interface Software and Technology, UIST 2023",San Francisco
52642971,"31st ACM International Conference on Multimedia, MM 2023",Ottawa
51743456,"31st ACM International Conference on Multimedia, MM 2023",Ottawa
35327518,"31st ACM International Conference on Multimedia, MM 2023",Ottawa
40850113,"56th Annual IEEE/ACM International Symposium on Microarchitecture, MICRO 2023",Toronto
61788183,"31st ACM International Conference on Multimedia, MM 2023",Ottawa
82243460,"31st ACM International Conference on Multimedia, MM 2023",Ottawa
57963231,"31st ACM International Conference on Multimedia, MM 2023",Ottawa
51442676,"SAE 2023 Energy and Propulsion Conference and Exhibition (formerly called Powertrains, Fuels and Lubricants Conference and Exhibition), FFL 2023",Greenville
60660166,"31st ACM International Conference on Multimedia, MM 2023",Ottawa
95357321,"31st ACM International Conference on Multimedia, MM 2023",Ottawa
30236316,"SAE 2023 Energy and Propulsion Conference and Exhibition (formerly called Powertrains, Fuels and Lubricants Conference and Exhibition), FFL 2023",Greenville
67911823,"31st ACM International Conference on Multimedia, MM 2023",Ottawa
69273690,"2023 8th International Conference on Ecological Building and Green Building Material, EBGBM 2023",Nanjing
93979668,"31st ACM International Conference on Multimedia, MM 2023",Ottawa
93313117,"36th Annual ACM Symposium on User Interface Software and Technology, UIST 2023",San Francisco
32094180,"SAE 2023 Energy and Propulsion Conference and Exhibition (formerly called Powertrains, Fuels and Lubricants Conference and Exhibition), FFL 2023",Greenville
65355724,"31st ACM International Conference on Multimedia, MM 2023",Ottawa
36309746,"SAE 2023 Vehicle Powertrain Diversification Technology Forum, VEPD 2023",Shanghai
42786611,"SAE 2023 Vehicle Powertrain Diversification Technology Forum, VEPD 2023",Shanghai
94195942,"56th Annual IEEE/ACM International Symposium on Microarchitecture, MICRO 2023",Toronto
54155387,"2nd International Conference on Digitalization and Management Innovation: Build a New Ecology of Lifelong Education, DMI 2023","Hybrid, Seoul"
84059941,"56th Annual IEEE/ACM International Symposium on Microarchitecture, MICRO 2023",Toronto
66108439,"56th Annual IEEE/ACM International Symposium on Microarchitecture, MICRO 2023",Toronto
85698573,"56th Annual IEEE/ACM International Symposium on Microarchitecture, MICRO 2023",Toronto
24255897,"31st ACM International Conference on Multimedia, MM 2023",Ottawa
43456914,"31st ACM International Conference on Multimedia, MM 2023",Ottawa
44789075,"31st ACM International Conference on Multimedia, MM 2023",Ottawa
77699717,"36th Annual ACM Symposium on User Interface Software and Technology, UIST 2023",San Francisco
14615806,"31st ACM International Conference on Multimedia, MM 2023",Ottawa
50355655,"31st ACM International Conference on Multimedia, MM 2023",Ottawa
83760979,"56th Annual IEEE/ACM International Symposium on Microarchitecture, MICRO 2023",Toronto
82545803,"31st ACM International Conference on Multimedia, MM 2023",Ottawa
10973183,"56th Annual IEEE/ACM International Symposium on Microarchitecture, MICRO 2023",Toronto
29982551,"36th Annual ACM Symposium on User Interface Software and Technology, UIST 2023",San Francisco
10896315,"36th Annual ACM Symposium on User Interface Software and Technology, UIST 2023",San Francisco
43627838,"31st ACM International Conference on Multimedia, MM 2023",Ottawa
97629779,"31st ACM International Conference on Multimedia, MM 2023",Ottawa
45261251,"31st ACM International Conference on Multimedia, MM 2023",Ottawa
26533504,"31st ACM International Conference on Multimedia, MM 2023",Ottawa
25570425,"31st ACM International Conference on Multimedia, MM 2023",Ottawa
27381047,"31st ACM International Conference on Multimedia, MM 2023",Ottawa
25801003,"36th Annual ACM Symposium on User Interface Software and Technology, UIST 2023",San Francisco
73650196,"36th Annual ACM Symposium on User Interface Software and Technology, UIST 2023",San Francisco
76783334,"36th Annual ACM Symposium on User Interface Software and Technology, UIST 2023",San Francisco
50052195,"31st ACM International Conference on Multimedia, MM 2023",Ottawa
76627820,"29th ACM Symposium on Operating Systems Principles, SOSP 2023",Koblenz
12811334,"31st ACM International Conference on Multimedia, MM 2023",Ottawa
96706002,"31st ACM International Conference on Multimedia, MM 2023",Ottawa
82522978,"2023 International Symposium on Theory, Algorithmic Foundations, and Protocol Design for Mobile Networks and Mobile Computing, MobiHoc 2023",Washington
66664404,"31st ACM International Conference on Multimedia, MM 2023",Ottawa
19137387,"31st ACM International Conference on Multimedia, MM 2023",Ottawa
45815348,"31st ACM International Conference on Multimedia, MM 2023",Ottawa
55381322,"31st ACM International Conference on Multimedia, MM 2023",Ottawa
90610057,"31st ACM International Conference on Multimedia, MM 2023",Ottawa
84239360,"31st ACM International Conference on Multimedia, MM 2023",Ottawa
54938725,"31st ACM International Conference on Multimedia, MM 2023",Ottawa
62117053,"31st ACM International Conference on Multimedia, MM 2023",Ottawa
96960375,"23rd Edition of the ACM Internet Measurement Conference, IMC 2023",Montreal
17851518,"31st ACM International Conference on Multimedia, MM 2023",Ottawa
34278848,"31st ACM International Conference on Multimedia, MM 2023",Ottawa
73933562,"31st ACM International Conference on Multimedia, MM 2023",Ottawa
60619114,"4th International Conference on Air Pollution and Environmental Engineering, APEE 2023",Xi'an
51151714,"29th ACM Symposium on Operating Systems Principles, SOSP 2023",Koblenz
57928620,"31st ACM International Conference on Multimedia, MM 2023",Ottawa
84371487,"29th ACM Symposium on Operating Systems Principles, SOSP 2023",Koblenz
90996901,"31st ACM International Conference on Multimedia, MM 2023",Ottawa
47379456,"31st ACM International Conference on Multimedia, MM 2023",Ottawa
92476539,"31st ACM International Conference on Multimedia, MM 2023",Ottawa
70517000,"31st ACM International Conference on Multimedia, MM 2023",Ottawa
77646142,"31st ACM International Conference on Multimedia, MM 2023",Ottawa
26505470,"31st ACM International Conference on Multimedia, MM 2023",Ottawa
78767615,"31st ACM International Conference on Multimedia, MM 2023",Ottawa
62012189,"31st ACM International Conference on Multimedia, MM 2023",Ottawa
54318355,"31st ACM International Conference on Multimedia, MM 2023",Ottawa
61036855,"31st ACM International Conference on Multimedia, MM 2023",Ottawa
74045284,"31st ACM International Conference on Multimedia, MM 2023",Ottawa
32440270,"31st ACM International Conference on Multimedia, MM 2023",Ottawa
48726066,"31st ACM International Conference on Multimedia, MM 2023",Ottawa
81929219,"29th ACM Symposium on Operating Systems Principles, SOSP 2023",Koblenz
16171830,"31st ACM International Conference on Multimedia, MM 2023",Ottawa
99997182,"31st ACM International Conference on Multimedia, MM 2023",Ottawa
94224669,"31st ACM International Conference on Multimedia, MM 2023",Ottawa
24907022,"31st ACM International Conference on Multimedia, MM 2023",Ottawa
80656006,"31st ACM International Conference on Multimedia, MM 2023",Ottawa
63256286,"31st ACM International Conference on Multimedia, MM 2023",Ottawa
22075881,"31st ACM International Conference on Multimedia, MM 2023",Ottawa
69217141,"31st ACM International Conference on Multimedia, MM 2023",Ottawa
85210977,"31st ACM International Conference on Multimedia, MM 2023",Ottawa
13496556,"31st ACM International Conference on Multimedia, MM 2023",Ottawa
32335295,"7th International Conference on Computer Science and Application Engineering, CSAE 2023","Virtual, Online"
18273822,"32nd ACM International Conference on Information and Knowledge Management, CIKM 2023",Birmingham
23911724,"32nd ACM International Conference on Information and Knowledge Management, CIKM 2023",Birmingham
81017581,"32nd ACM International Conference on Information and Knowledge Management, CIKM 2023",Birmingham
71607156,"32nd ACM International Conference on Information and Knowledge Management, CIKM 2023",Birmingham
21078410,"32nd ACM International Conference on Information and Knowledge Management, CIKM 2023",Birmingham
96199687,"32nd ACM International Conference on Information and Knowledge Management, CIKM 2023",Birmingham
74653348,"32nd ACM International Conference on Information and Knowledge Management, CIKM 2023",Birmingham
34528590,"9th International Conference on Advances in Machinery, Materials Science and Engineering Applications, MMSE 2023",Paris
15832946,"32nd ACM International Conference on Information and Knowledge Management, CIKM 2023",Birmingham
85179590,"32nd ACM International Conference on Information and Knowledge Management, CIKM 2023",Birmingham
47922244,5th International Conference on Big-data Service and Intelligent Computation,Singapore
85385825,"32nd ACM International Conference on Information and Knowledge Management, CIKM 2023",Birmingham
25813072,"32nd ACM International Conference on Information and Knowledge Management, CIKM 2023",Birmingham
31126299,"32nd ACM International Conference on Information and Knowledge Management, CIKM 2023",Birmingham
59620479,"32nd ACM International Conference on Information and Knowledge Management, CIKM 2023",Birmingham
61763766,"32nd ACM International Conference on Information and Knowledge Management, CIKM 2023",Birmingham
32079733,"32nd ACM International Conference on Information and Knowledge Management, CIKM 2023",Birmingham
41038651,"9th International Conference on Advances in Machinery, Materials Science and Engineering Applications, MMSE 2023",Paris
74658628,"32nd ACM International Conference on Information and Knowledge Management, CIKM 2023",Birmingham
53005301,"32nd ACM International Conference on Information and Knowledge Management, CIKM 2023",Birmingham
58835406,"32nd ACM International Conference on Information and Knowledge Management, CIKM 2023",Birmingham
59336671,"32nd ACM International Conference on Information and Knowledge Management, CIKM 2023",Birmingham
28528441,"32nd ACM International Conference on Information and Knowledge Management, CIKM 2023",Birmingham
93036451,"32nd ACM International Conference on Information and Knowledge Management, CIKM 2023",Birmingham
63347867,"32nd ACM International Conference on Information and Knowledge Management, CIKM 2023",Birmingham
56227558,"32nd ACM International Conference on Information and Knowledge Management, CIKM 2023",Birmingham
60009686,"32nd ACM International Conference on Information and Knowledge Management, CIKM 2023",Birmingham
29786807,"32nd ACM International Conference on Information and Knowledge Management, CIKM 2023",Birmingham
82592331,"32nd ACM International Conference on Information and Knowledge Management, CIKM 2023",Birmingham
26456080,"32nd ACM International Conference on Information and Knowledge Management, CIKM 2023",Birmingham
80063890,"32nd ACM International Conference on Information and Knowledge Management, CIKM 2023",Birmingham
16314806,"32nd ACM International Conference on Information and Knowledge Management, CIKM 2023",Birmingham
36361822,"32nd ACM International Conference on Information and Knowledge Management, CIKM 2023",Birmingham
67887891,"32nd ACM International Conference on Information and Knowledge Management, CIKM 2023",Birmingham
70821949,"32nd ACM International Conference on Information and Knowledge Management, CIKM 2023",Birmingham
29794148,"11th International Scientific and Practical Conference on Innovative Technologies in Environmental Science and Education, ITSE 2023",Divnomorskoe Village
60069524,"2023 ACM Symposium on Spatial User Interaction, SUI 2023",Sydney
57942291,"4th International Conference on Green Energy, Environment and Sustainable Development, GEESD 2023","Hybrid, Mianyang"
69821131,"2023 ACM International Joint Conference on Pervasive and Ubiquitous Computing and the 2023 ACM International Symposium on Wearable Computing, UbiComp/ISWC 2023","Cancun, Quintana Roo"
34081754,"2023 ACM International Joint Conference on Pervasive and Ubiquitous Computing and the 2023 ACM International Symposium on Wearable Computing, UbiComp/ISWC 2023","Cancun, Quintana Roo"
43375207,"4th International Conference on Green Energy, Environment and Sustainable Development, GEESD 2023","Hybrid, Mianyang"
58050744,"4th International Conference on Green Energy, Environment and Sustainable Development, GEESD 2023","Hybrid, Mianyang"
65465089,"15th International Conference on Materials Processing and Characterization, ICMPC 2023",Newcastle
22654513,"2023 ACM International Joint Conference on Pervasive and Ubiquitous Computing and the 2023 ACM International Symposium on Wearable Computing, UbiComp/ISWC 2023","Cancun, Quintana Roo"
33477933,"4th International Conference on Green Energy, Environment and Sustainable Development, GEESD 2023","Hybrid, Mianyang"
49713666,"2023 Workshop on LEO Networking and Communication, LEO-NET 2023",Madrid
58846374,"4th International Conference on Green Energy, Environment and Sustainable Development, GEESD 2023","Hybrid, Mianyang"
96909992,"19th AAAI Conference on Artificial Intelligence and Interactive Digital Entertainment, AIIDE 2023",Salt Lake City
16092359,"4th International Conference on Green Energy, Environment and Sustainable Development, GEESD 2023","Hybrid, Mianyang"
90905638,"2023 ACM International Joint Conference on Pervasive and Ubiquitous Computing and the 2023 ACM International Symposium on Wearable Computing, UbiComp/ISWC 2023","Cancun, Quintana Roo"
21664180,"2023 ACM International Joint Conference on Pervasive and Ubiquitous Computing and the 2023 ACM International Symposium on Wearable Computing, UbiComp/ISWC 2023","Cancun, Quintana Roo"
61136212,"2023 ACM International Joint Conference on Pervasive and Ubiquitous Computing and the 2023 ACM International Symposium on Wearable Computing, UbiComp/ISWC 2023","Cancun, Quintana Roo"
45669771,"2023 ACM International Joint Conference on Pervasive and Ubiquitous Computing and the 2023 ACM International Symposium on Wearable Computing, UbiComp/ISWC 2023","Cancun, Quintana Roo"
26013506,"2023 ACM International Joint Conference on Pervasive and Ubiquitous Computing and the 2023 ACM International Symposium on Wearable Computing, UbiComp/ISWC 2023","Cancun, Quintana Roo"
51856555,"2023 ACM International Joint Conference on Pervasive and Ubiquitous Computing and the 2023 ACM International Symposium on Wearable Computing, UbiComp/ISWC 2023","Cancun, Quintana Roo"
81750018,"2023 ACM International Joint Conference on Pervasive and Ubiquitous Computing and the 2023 ACM International Symposium on Wearable Computing, UbiComp/ISWC 2023","Cancun, Quintana Roo"
25879290,"2nd International Symposium on Civil, Environmental, and Infrastructure Engineering, ISCEIE 2022",Yogyakarta
29267587,"25th International Conference on Multimodal Interaction, ICMI 2023",Paris
69808450,"15th International Conference on Materials Processing and Characterization, ICMPC 2023",Newcastle
98193821,"2023 ACM International Joint Conference on Pervasive and Ubiquitous Computing and the 2023 ACM International Symposium on Wearable Computing, UbiComp/ISWC 2023","Cancun, Quintana Roo"
25476131,"2023 ACM International Joint Conference on Pervasive and Ubiquitous Computing and the 2023 ACM International Symposium on Wearable Computing, UbiComp/ISWC 2023","Cancun, Quintana Roo"
60944573,"25th International Conference on Multimodal Interaction, ICMI 2023 Companion",Paris
83770057,"1st International Conference on Advances in Communications, Computing and Electronic Systems, ACCES 2022",Vizianagaram
81784115,"26th European Conference on Artificial Intelligence, ECAI 2023",Krakow
64520738,"26th European Conference on Artificial Intelligence, ECAI 2023",Krakow
25214733,"26th European Conference on Artificial Intelligence, ECAI 2023",Krakow
80079337,"26th European Conference on Artificial Intelligence, ECAI 2023",Krakow
24967554,"26th European Conference on Artificial Intelligence, ECAI 2023",Krakow
71812704,"26th European Conference on Artificial Intelligence, ECAI 2023",Krakow
76171587,"26th European Conference on Artificial Intelligence, ECAI 2023",Krakow
18435248,"26th European Conference on Artificial Intelligence, ECAI 2023",Krakow
73912866,Young Transportation Engineers Conference 2022,Prague
36842424,"2022 International Conference on Innovations in Science, Hybrid Materials, and Vibration Analysis, IC-ISHVA 2022","Virtual, Online"
46042387,"26th European Conference on Artificial Intelligence, ECAI 2023",Krakow
76863932,"8th International Conference on Cyber Security and Information Engineering, ICCSIE 2023",Putrajaya
32656835,"5th World Symposium on Software Engineering, WSSE 2023",Tokyo
21777631,"5th World Symposium on Software Engineering, WSSE 2023",Tokyo
79240020,"37th Brazilian Symposium on Software Engineering, SBES 2023, held in conjunction with the Brazilian Conference on Software: Theory and Practice, CBSoft 2023",Campo Grande
65670389,"15th International Conference on Education Technology and Computers, ICETC 2023",Barcelona
34958185,"2023 International Conference on Power, Communication, Computing and Networking Technologies, PCCNT 2023",Wuhan
37715188,"9th International Conference on Industrial and Business Engineering, ICIBE 2023",Beijing
96511765,"15th International Conference on Education Technology and Computers, ICETC 2023",Barcelona
59303549,"5th World Symposium on Software Engineering, WSSE 2023",Tokyo
28156049,"2023 International Conference on Power, Communication, Computing and Networking Technologies, PCCNT 2023",Wuhan
85342899,"16th International Symposium on Visual Information Communication and Interaction, VINCI 2023",Guangzhou
51773086,"2023 ACM Recommender Systems Challenge Workshop, RecSysChallenge 2023, held at 17th ACM Conference on Recommender Systems, ACM RecSys 2023",Singapore
20953364,"2nd International Conference on New Materials, Machinery, and Vehicle Engineering, NMMVE 2023",Guiyang
10367140,"2nd International Conference on New Materials, Machinery, and Vehicle Engineering, NMMVE 2023",Guiyang
67564188,"15th Biannual Conference of the Italian SIGCHI Chapter: Crossing HCI and AI, CHItaly 2023","Hybrid, Torino"
74161775,"2022 International Conference on Advanced Technologies in Chemical, Construction and Mechanical Sciences, iCATCHCOME 2022",Coimbatore
45707456,"17th ACM Conference on Recommender Systems, RecSys 2023",Singapore
13896331,"17th ACM Conference on Recommender Systems, RecSys 2023",Singapore
30120361,"17th ACM Conference on Recommender Systems, RecSys 2023",Singapore
61227846,"17th ACM Conference on Recommender Systems, RecSys 2023",Singapore
19293119,ACM SIGCOMM 2023 Conference,New York
27373876,ACM SIGCOMM 2023 Conference,New York
19846801,"1st Workshop on eBPF and Kernel Extensions, eBPF 2023",New York
90535157,ACM SIGCOMM 2023 Conference,New York
78873506,ACM SIGCOMM 2023 Conference,New York
22503057,ACM SIGCOMM 2023 Conference,New York
76424966,ACM SIGCOMM 2023 Conference,New York
73278339,ACM SIGCOMM 2023 Conference,New York
73893853,ACM SIGCOMM 2023 Conference,New York
31876354,ACM SIGCOMM 2023 Conference,New York
76437090,ACM SIGCOMM 2023 Conference,New York
13527873,ACM SIGCOMM 2023 Conference,New York
25711274,"2023 Workshop on Emerging Multimedia Systems, EMS 2023",New York
45130271,ACM SIGCOMM 2023 Conference,New York
64913367,"2023 Workshop on Emerging Multimedia Systems, EMS 2023",New York
51631618,ACM SIGCOMM 2023 Conference,New York
37099067,"31st Annual European Symposium on Algorithms, ESA 2023",Amsterdam
92841178,"31st Annual European Symposium on Algorithms, ESA 2023",Amsterdam
11293307,"31st Annual European Symposium on Algorithms, ESA 2023",Amsterdam
25243673,"26th International Conference on Approximation Algorithms for Combinatorial Optimization Problems, APPROX 2023 and the 27th International Conference on Randomization and Computation, RANDOM 2023",Atlanta
10482428,"27th ACM International Systems and Software Product Line Conference, SPLC 2023",Tokyo
66589546,"18th International Conference on Availability, Reliability and Security, ARES 2023",Benevento
65747222,"2023 International Conference on Computer, Vision and Intelligent Technology, ICCVIT 2023",Chenzhou
56900440,"2023 4th International Conference on Control, Robotics and Intelligent System, CCRIS 2023",Guangzhou
43564596,"14th ACM SIGOPS Asia-Pacific Workshop on Systems, APSys 2023",Seoul
69920037,"8th International Conference on Debris Flow Hazard Mitigation, DFHM 2023",Torino
57625926,"8th International Conference on Debris Flow Hazard Mitigation, DFHM 2023",Torino
30842065,"3rd International Conference on Oil and Gas Engineering and Geological Sciences, OGEGS 2023",Dalian City
55328853,"29th ACM SIGKDD Conference on Knowledge Discovery and Data Mining, KDD 2023",Long Beach
99485426,"29th ACM SIGKDD Conference on Knowledge Discovery and Data Mining, KDD 2023",Long Beach
87088611,"29th ACM SIGKDD Conference on Knowledge Discovery and Data Mining, KDD 2023",Long Beach
70423643,"29th ACM SIGKDD Conference on Knowledge Discovery and Data Mining, KDD 2023",Long Beach
38546906,"29th ACM SIGKDD Conference on Knowledge Discovery and Data Mining, KDD 2023",Long Beach
69858173,"29th ACM SIGKDD Conference on Knowledge Discovery and Data Mining, KDD 2023",Long Beach
37670063,"29th ACM SIGKDD Conference on Knowledge Discovery and Data Mining, KDD 2023",Long Beach
96966793,"29th ACM SIGKDD Conference on Knowledge Discovery and Data Mining, KDD 2023",Long Beach
54419437,"29th ACM SIGKDD Conference on Knowledge Discovery and Data Mining, KDD 2023",Long Beach
49116218,"52nd International Conference on Parallel Processing, ICPP 2023",Salt Lake City
93103498,"29th ACM SIGKDD Conference on Knowledge Discovery and Data Mining, KDD 2023",Long Beach
63325951,"5th International Conference on Applied Category Theory, ACT 2022","Hybrid, Glasgow"
57550962,"29th ACM SIGKDD Conference on Knowledge Discovery and Data Mining, KDD 2023",Long Beach
58026258,"29th ACM SIGKDD Conference on Knowledge Discovery and Data Mining, KDD 2023",Long Beach
53022641,"29th ACM SIGKDD Conference on Knowledge Discovery and Data Mining, KDD 2023",Long Beach
32666513,"29th ACM SIGKDD Conference on Knowledge Discovery and Data Mining, KDD 2023",Long Beach
51782858,"29th ACM SIGKDD Conference on Knowledge Discovery and Data Mining, KDD 2023",Long Beach
68872385,"29th ACM SIGKDD Conference on Knowledge Discovery and Data Mining, KDD 2023",Long Beach
89748542,"29th ACM SIGKDD Conference on Knowledge Discovery and Data Mining, KDD 2023",Long Beach
36173421,"29th ACM SIGKDD Conference on Knowledge Discovery and Data Mining, KDD 2023",Long Beach
90083245,"29th ACM SIGKDD Conference on Knowledge Discovery and Data Mining, KDD 2023",Long Beach
32198187,"29th ACM SIGKDD Conference on Knowledge Discovery and Data Mining, KDD 2023",Long Beach
98006913,"29th ACM SIGKDD Conference on Knowledge Discovery and Data Mining, KDD 2023",Long Beach
83352520,"29th ACM SIGKDD Conference on Knowledge Discovery and Data Mining, KDD 2023",Long Beach
87513206,"29th ACM SIGKDD Conference on Knowledge Discovery and Data Mining, KDD 2023",Long Beach
21002178,"29th ACM SIGKDD Conference on Knowledge Discovery and Data Mining, KDD 2023",Long Beach
78281097,"29th ACM SIGKDD Conference on Knowledge Discovery and Data Mining, KDD 2023",Long Beach
25389531,"29th ACM SIGKDD Conference on Knowledge Discovery and Data Mining, KDD 2023",Long Beach
72872027,"29th ACM SIGKDD Conference on Knowledge Discovery and Data Mining, KDD 2023",Long Beach
28978504,"29th ACM SIGKDD Conference on Knowledge Discovery and Data Mining, KDD 2023",Long Beach
87011928,"29th ACM SIGKDD Conference on Knowledge Discovery and Data Mining, KDD 2023",Long Beach
58768509,"29th ACM SIGKDD Conference on Knowledge Discovery and Data Mining, KDD 2023",Long Beach
10883216,"29th ACM SIGKDD Conference on Knowledge Discovery and Data Mining, KDD 2023",Long Beach
71000141,"29th ACM SIGKDD Conference on Knowledge Discovery and Data Mining, KDD 2023",Long Beach
59964328,"29th ACM SIGKDD Conference on Knowledge Discovery and Data Mining, KDD 2023",Long Beach
76818244,"29th ACM SIGKDD Conference on Knowledge Discovery and Data Mining, KDD 2023",Long Beach
39774771,"29th ACM SIGKDD Conference on Knowledge Discovery and Data Mining, KDD 2023",Long Beach
69248141,"29th ACM SIGKDD Conference on Knowledge Discovery and Data Mining, KDD 2023",Long Beach
80135487,"52nd International Conference on Parallel Processing, ICPP 2023 - Workshops Proceedings",Salt Lake City
61539037,"52nd International Conference on Parallel Processing, ICPP 2023",Salt Lake City
22742619,"29th ACM SIGKDD Conference on Knowledge Discovery and Data Mining, KDD 2023",Long Beach
97261408,"29th ACM SIGKDD Conference on Knowledge Discovery and Data Mining, KDD 2023",Long Beach
68946324,"29th ACM SIGKDD Conference on Knowledge Discovery and Data Mining, KDD 2023",Long Beach
21952524,"29th ACM SIGKDD Conference on Knowledge Discovery and Data Mining, KDD 2023",Long Beach
30853055,"29th ACM SIGKDD Conference on Knowledge Discovery and Data Mining, KDD 2023",Long Beach
23609296,"29th ACM SIGKDD Conference on Knowledge Discovery and Data Mining, KDD 2023",Long Beach
68804399,"52nd International Conference on Parallel Processing, ICPP 2023 - Workshops Proceedings",Salt Lake City
69769193,"29th ACM SIGKDD Conference on Knowledge Discovery and Data Mining, KDD 2023",Long Beach
80439686,"15th International Conference on Contemporary Computing, IC3 2023",Noida
88583742,"14th Asia-Pacific Symposium on Internetware, Internetware 2023",Hangzhou
92877188,"15th International Conference on Contemporary Computing, IC3 2023",Noida
99039848,"2023 International Conference on Neuromorphic Systems, ICONS 2023",Santa Fe
44683046,"48th International Symposium on Mathematical Foundations of Computer Science, MFCS 2023",Bordeaux
11198938,"4th International Computer Programming Education Conference, ICPEC 2023",Vila do Conde
30406521,"2023 ACM Turing Award Celebration Conference, CHINA 2023",Wuhan
63459465,"2023 ACM Turing Award Celebration Conference, CHINA 2023",Wuhan
96467465,"9th International Conference on Energy Materials and Environment Engineering, ICEMEE 2023","Virtual, Online"
28924214,"2023 ACM Turing Award Celebration Conference, CHINA 2023",Wuhan
15301337,"2023 ACM Turing Award Celebration Conference, CHINA 2023",Wuhan
73211724,"2023 ACM Turing Award Celebration Conference, CHINA 2023",Wuhan
51142376,"10th International Conference on Industrial Engineering and Applications, ICIEA 2023",Phuket
55270272,"2023 ACM Turing Award Celebration Conference, CHINA 2023",Wuhan
49739420,"2023 ACM Turing Award Celebration Conference, CHINA 2023",Wuhan
52479543,"9th International Conference on Energy Materials and Environment Engineering, ICEMEE 2023","Virtual, Online"
24747018,"2023 ACM Turing Award Celebration Conference, CHINA 2023",Wuhan
59814126,"2023 ACM Turing Award Celebration Conference, CHINA 2023",Wuhan
35420411,"2023 Innovative Solutions for the Development of the Industry, Agro-Bio-Technologies 2023",Kaliningrad
45491186,"10th International Conference on Industrial Engineering and Applications, ICIEA 2023",Phuket
78416523,"2023 ACM Turing Award Celebration Conference, CHINA 2023",Wuhan
56421885,"2023 ACM Turing Award Celebration Conference, CHINA 2023",Wuhan
57891933,"2023 ACM Turing Award Celebration Conference, CHINA 2023",Wuhan
43003204,"10th International Conference on Industrial Engineering and Applications, ICIEA 2023",Phuket
35801849,"2023 ACM Turing Award Celebration Conference, CHINA 2023",Wuhan
59407788,"2023 ACM Turing Award Celebration Conference, CHINA 2023",Wuhan
50456361,"2023 ACM Turing Award Celebration Conference, CHINA 2023",Wuhan
11988091,"9th International Conference on Energy Materials and Environment Engineering, ICEMEE 2023","Virtual, Online"
72890691,"2023 ACM Turing Award Celebration Conference, CHINA 2023",Wuhan
60080947,"Special Interest Group on Computer Graphics and Interactive Techniques Conference - Courses, SIGGRAPH 2023",Los Angeles
94621938,"2023 Special Interest Group on Computer Graphics and Interactive Techniques Conference, SIGGRAPH 2023",Los Angeles
50946795,"2023 Special Interest Group on Computer Graphics and Interactive Techniques Conference, SIGGRAPH 2023",Los Angeles
60416468,"2023 International Conference on Robotics, Control and Vision Engineering, RCVE 2023",Tokyo
20222508,"4th International Conference on Modern Management Based on Big Data, MMBD 2023",Seoul
14097132,"Special Interest Group on Computer Graphics and Interactive Techniques Conference - Posters, SIGGRAPH 2023",Los Angeles
37266228,"2023 Special Interest Group on Computer Graphics and Interactive Techniques Conference, SIGGRAPH 2023",Los Angeles
80714083,"2023 Special Interest Group on Computer Graphics and Interactive Techniques Conference, SIGGRAPH 2023",Los Angeles
48397580,"12th International Meeting on Advances in Thermofluids, IMAT 2021",Johor Bahru
16500680,"2023 Special Interest Group on Computer Graphics and Interactive Techniques Conference, SIGGRAPH 2023",Los Angeles
96677005,"2023 International Scientific Siberian Transport Forum, TransSiberia 2023",Novosibirsk
89729699,"46th International ACM SIGIR Conference on Research and Development in Information Retrieval, SIGIR 2023",Taipei
33805369,"46th International ACM SIGIR Conference on Research and Development in Information Retrieval, SIGIR 2023",Taipei
47077635,"46th International ACM SIGIR Conference on Research and Development in Information Retrieval, SIGIR 2023",Taipei
88246622,"46th International ACM SIGIR Conference on Research and Development in Information Retrieval, SIGIR 2023",Taipei
38302888,"46th International ACM SIGIR Conference on Research and Development in Information Retrieval, SIGIR 2023",Taipei
33349768,"46th International ACM SIGIR Conference on Research and Development in Information Retrieval, SIGIR 2023",Taipei
87713092,"46th International ACM SIGIR Conference on Research and Development in Information Retrieval, SIGIR 2023",Taipei
87592292,"46th International ACM SIGIR Conference on Research and Development in Information Retrieval, SIGIR 2023",Taipei
59180615,"46th International ACM SIGIR Conference on Research and Development in Information Retrieval, SIGIR 2023",Taipei
25719158,"46th International ACM SIGIR Conference on Research and Development in Information Retrieval, SIGIR 2023",Taipei
71274089,"46th International ACM SIGIR Conference on Research and Development in Information Retrieval, SIGIR 2023",Taipei
76427515,"46th International ACM SIGIR Conference on Research and Development in Information Retrieval, SIGIR 2023",Taipei
70620754,"46th International ACM SIGIR Conference on Research and Development in Information Retrieval, SIGIR 2023",Taipei
61528875,"46th International ACM SIGIR Conference on Research and Development in Information Retrieval, SIGIR 2023",Taipei
11093173,"46th International ACM SIGIR Conference on Research and Development in Information Retrieval, SIGIR 2023",Taipei
80369850,"2023 ACM Workshop on Highlights of Parallel Computing, HOPC 2023",Orlando
44174479,"46th International ACM SIGIR Conference on Research and Development in Information Retrieval, SIGIR 2023",Taipei
34216129,"46th International ACM SIGIR Conference on Research and Development in Information Retrieval, SIGIR 2023",Taipei
21788816,"46th International ACM SIGIR Conference on Research and Development in Information Retrieval, SIGIR 2023",Taipei
67828558,"46th International ACM SIGIR Conference on Research and Development in Information Retrieval, SIGIR 2023",Taipei
30407713,"46th International ACM SIGIR Conference on Research and Development in Information Retrieval, SIGIR 2023",Taipei
93284620,"46th International ACM SIGIR Conference on Research and Development in Information Retrieval, SIGIR 2023",Taipei
73147528,"46th International ACM SIGIR Conference on Research and Development in Information Retrieval, SIGIR 2023",Taipei
75299463,"46th International ACM SIGIR Conference on Research and Development in Information Retrieval, SIGIR 2023",Taipei
35607755,"46th International ACM SIGIR Conference on Research and Development in Information Retrieval, SIGIR 2023",Taipei
63743813,"46th International ACM SIGIR Conference on Research and Development in Information Retrieval, SIGIR 2023",Taipei
45074677,"46th International ACM SIGIR Conference on Research and Development in Information Retrieval, SIGIR 2023",Taipei
45712757,"46th International ACM SIGIR Conference on Research and Development in Information Retrieval, SIGIR 2023",Taipei
26318395,"6th International Conference on Signal Processing and Machine Learning, SPML 2023",Tianjin
17693122,"6th International Conference on Signal Processing and Machine Learning, SPML 2023",Tianjin
25545614,"6th International Conference on Signal Processing and Machine Learning, SPML 2023",Tianjin
60043908,"2023 ACM Designing Interactive Systems Conference, DIS 2023 Companion",Pittsburgh
86927683,"32nd ACM SIGSOFT International Symposium on Software Testing and Analysis, ISSTA 2023",Seattle
52823400,"24th Annual International Conference on Digital Government Research - Together in the Unstable World: Digital Government and Solidarity, DGO 2023",Gdansk
66971356,"3rd International Conference on Robotics and Artificial Intelligence, JCRAI 2023",Shanghai
71766534,"16th ACM International Conference on PErvasive Technologies Related to Assistive Environments, PETRA 2023",Corfu
11483224,"32nd ACM SIGSOFT International Symposium on Software Testing and Analysis, ISSTA 2023",Seattle
99817731,"2nd International Conference on Advances in Communication Technology and Computer Engineering, ICACTCE 2022",Meknes
57819097,"16th ACM International Conference on PErvasive Technologies Related to Assistive Environments, PETRA 2023",Corfu
74500517,"32nd ACM SIGSOFT International Symposium on Software Testing and Analysis, ISSTA 2023",Seattle
24767741,"24th ACM Conference on Economics and Computation, EC 2023",London
14017976,"18th ACM ASIA Conference on Computer and Communications Security, ASIA CCS 2023",Melbourne
74389899,"29th Annual International Conference on Mobile Computing and Networking, MobiCom 2023",Madrid
36819665,"24th Annual International Conference on Digital Government Research - Together in the Unstable World: Digital Government and Solidarity, DGO 2023",Gdansk
78819443,22nd IFAC World Congress,Yokohama
29151821,22nd IFAC World Congress,Yokohama
51227530,22nd IFAC World Congress,Yokohama
69936277,22nd IFAC World Congress,Yokohama
35445890,22nd IFAC World Congress,Yokohama
69427621,22nd IFAC World Congress,Yokohama
39689453,22nd IFAC World Congress,Yokohama
39746873,22nd IFAC World Congress,Yokohama
70514555,22nd IFAC World Congress,Yokohama
94302148,22nd IFAC World Congress,Yokohama
45039884,22nd IFAC World Congress,Yokohama
18353073,22nd IFAC World Congress,Yokohama
12837970,22nd IFAC World Congress,Yokohama
87250259,22nd IFAC World Congress,Yokohama
70731767,22nd IFAC World Congress,Yokohama
54451078,22nd IFAC World Congress,Yokohama
24423728,22nd IFAC World Congress,Yokohama
52827971,22nd IFAC World Congress,Yokohama
48191548,22nd IFAC World Congress,Yokohama
10617570,"50th International Colloquium on Automata, Languages, and Programming, ICALP 2023",Paderborn
68089418,"38th Computational Complexity Conference, CCC 2023",Warwick
